uid,config,ok,insts,cycles,inv_at,FULL_WINDOW_STALL,FULL_WINDOW_MEM_OP,ICACHE_MISS_ONPATH,ICACHE_MISS_MSHR_HIT_PREFETCHED_ONPATH,ICACHE_MISS_NOT_PREFETCHED_ONPATH,DCACHE_MISS_ONPATH,DCACHE_HIT_ONPATH,DCACHE_MISS_LD_ONPATH,DCACHE_MISS_ST_ONPATH,BUS_DEMAND_ACCESS,BUS_PREF_ACCESS,L1_MISS_ALL,L1_PREF_REQ_MISS,L1_MISS_ONPATH,MLC_MISS_ONPATH,L1_PREF_FILL,LD_SERVED_DCACHE,LD_SERVED_MLC,LD_SERVED_LLC,LD_SERVED_MEM,LD_LAT_DCACHE,LD_LAT_MLC,LD_LAT_LLC,LD_LAT_MEM,INST_LOST_FETCH,INST_LOST_OFF_PATH,INST_LOST_FULL_WINDOW,INST_LOST_ROB_STALL_OTHER,INST_LOST_ROB_STALL_WAIT_FOR_RECOVERY,INST_LOST_ROB_STALL_WAIT_FOR_REDIRECT,INST_LOST_ROB_STALL_WAIT_FOR_GAP_FILL,INST_LOST_ROB_STALL_WAIT_FOR_L1_MISS,INST_LOST_ROB_STALL_WAIT_FOR_MEMORY,INST_LOST_ROB_STALL_WAIT_FOR_DC_MISS,INST_LOST_ROB_BLOCK_ISSUE_FULL,INST_LOST_ROB_BLOCK_ISSUE_GAP_TOO_LARGE,INST_LOST_BREAK_DONT,INST_LOST_BREAK_FT_UNAVAILABLE,INST_LOST_BREAK_ICACHE_STAGE_RESTEER,INST_LOST_BREAK_ICACHE_MISS_REQ_SUCCESS,INST_LOST_BREAK_ICACHE_MISS_REQ_FAILURE,INST_LOST_BREAK_ICACHE_WAIT_FOR_MISS,INST_LOST_BREAK_ICACHE_STALLED,INST_LOST_BREAK_ICACHE_TO_UOP_CACHE_SWITCH,INST_LOST_BREAK_ICACHE_READ_LIMIT,INST_LOST_BREAK_ICACHE_ISSUE_WIDTH,INST_LOST_BREAK_UOP_CACHE_STALLED,INST_LOST_BREAK_UOP_CACHE_TO_ICACHE_SWITCH,INST_LOST_BREAK_UOP_CACHE_READ_LIMIT,INST_LOST_BREAK_UOP_CACHE_ISSUE_WIDTH,INST_LOST_TOTAL,INST_LOST_WAIT_FOR_ICACHE_MISS_NOT_PREFETCHED,INST_LOST_WAIT_FOR_ICACHE_MISS_PREFETCHED_AND_EVICTED_BY_IFETCH,INST_LOST_WAIT_FOR_ICACHE_MISS_PREFETCHED_AND_EVICTED_BY_FDIP,INST_LOST_WAIT_FOR_ICACHE_MISS_MSHR_HIT_PREF_OFFPATH,INST_LOST_WAIT_FOR_ICACHE_MISS_MSHR_HIT_PREF_ONPATH,EXEC_ON_PATH_INST,EXEC_ON_PATH_INST_MEM,L1_PREF_HIT,L1_PREF_LATE,task,phase,spf_lines,spf_instructions
django-341,base,1,100000001,42584247,,45278,43649,259911,252593,204,2423471,41578841,1912108,511363,33988,12000,45988,12000,21902,98548,10314,27527770,1750154,139512,22442,115485432,31189898,7522630,3929144,117350317,91654668,2227512,5181584,0,0,0,0,73840,5827626,0,0,0,9183812,389330,1483368,22545,19607940,877627,4074313,4481993,0,2163712,4664760,14949565,0,296828906,134988,0,0,247416,17231214,117350268,44084912,8832,1229,django__django-13809,harness start-up,,
django-343,base,1,100000001,38832911,,7487,7319,1026,867,23,878542,38377864,414816,463726,89539,171801,261340,171801,169431,335118,67461,25548684,105963,167249,141603,107205281,2092335,9050463,55716111,114754634,51182081,1877152,8838632,0,0,0,0,16118354,23864890,0,0,0,8457604,125458,7317,9678,278142,1219809,4035183,3732402,0,3114535,4672905,21687915,0,275873634,45792,0,0,8526,163164,114754445,39301920,63292,102981,django__django-13809,harness start-up,,
django-337,base,1,99610726,57571012,,31697,28836,140279,137557,564,2821885,37373680,2157927,663958,97237,123158,220395,123158,71884,447476,96011,25067419,1416909,597980,143032,104264668,26577196,32675982,24724272,120429458,159725696,1423370,7179018,0,0,0,0,951764,30790436,0,0,0,9598762,499101,850760,93049,15035245,617525,3703204,2590998,0,12401047,4024001,29169141,0,428430018,264012,0,0,114978,12365784,120429366,40321247,86136,19517,django__django-13809,environment setup,,
django-534,base,1,87091877,52955825,,43015,39646,170052,166159,650,2748561,35400641,2093311,655250,106394,120925,227319,120925,72139,444823,89558,23542599,1349566,487958,255787,98083030,25337781,26510019,43184744,108106185,141161128,1566898,7246000,0,0,0,0,501658,26966750,0,0,0,10400746,471192,1021791,93385,16257209,835412,3686823,3199377,0,5730931,4104562,29614895,0,392486708,336186,0,0,120858,13369518,108106131,38268598,78812,23834,django__django-13809,tool execution: python,,
django-551,base,1,99999552,54010855,,32711,29614,210805,205773,579,2594408,41514434,1840605,753803,90022,112016,202038,112016,61718,338809,79615,27748099,1330994,293282,216329,115602028,24771479,15585175,35927136,123845331,151098943,1571490,5362472,0,0,0,0,963468,12184102,0,0,0,10926583,537903,1245420,63112,18869849,752329,4031100,3877192,0,3757732,4546434,32112069,0,396061568,287232,0,0,171282,15720672,123845325,44246488,73106,26802,django__django-13809,tool execution: python,,
django-16,base,1,1275162,983186,,9144,7663,1388,1247,101,38357,394509,27061,11296,12957,4795,17752,4795,4706,14417,2842,277456,4081,2177,20803,1153538,78569,119677,3290154,1479501,2054301,56988,196878,0,0,0,0,10378,300320,0,0,0,133170,5311,11973,5191,752980,73187,37628,24234,0,201547,38080,616757,0,7312440,121164,0,0,5028,515412,1479496,433456,2328,1887,django__django-13809,tool execution: shell,,
django-44,base,1,1383011,1026399,,9921,8345,1412,1277,101,38663,429742,27146,11517,13200,4877,18077,4877,4728,14478,2943,301887,4153,2017,20976,1253388,79066,111475,3380249,1608014,2120958,77592,223606,0,0,0,0,10890,297752,0,0,0,139811,5646,12365,6539,740736,134168,38940,26554,0,214948,39237,669000,0,7630780,107472,0,0,5808,525228,1608009,469069,2377,1879,django__django-13809,tool execution: shell,,
django-506,base,1,99999373,40445207,,104514,101468,105539,103004,493,959459,40796924,702810,256649,77139,17244,94383,17244,44083,109775,14982,26797027,524262,108616,69932,112943222,9554303,5895384,12184031,112937537,82557561,1906024,4582944,0,0,0,0,118422,9847712,0,0,0,10778795,667659,660282,53979,11562441,1325311,3744366,2992930,0,3758577,4018675,23106334,0,291906526,365628,0,0,82830,9273186,112937369,41785330,9762,1697,django__django-13809,harness: agent loop,,
requests-263,base,1,100000001,42270963,,48793,47339,257218,250136,242,2427623,41510786,1902390,525233,35259,12446,47705,12446,22729,92248,10730,27489275,1755982,122512,23896,115338941,31373504,6590401,4158303,117401260,90649886,2187898,5232832,0,0,0,0,64320,5574976,0,0,0,9141699,395739,1469419,36016,19136917,763194,3966781,4377680,0,2088219,4532050,14918977,0,295087674,119670,0,0,204510,16861956,117400938,44020568,9098,1259,psf__requests-1142,harness start-up,,
requests-267,base,1,100000007,38691152,,12053,11828,690,615,32,877114,38421674,411282,465832,90049,171411,261460,171411,169556,333108,68629,25568991,103001,168081,140200,107209698,2032923,9093159,55866735,114780181,50529532,1776918,8472580,0,0,0,0,15903934,23926268,0,0,0,8842202,97582,4975,7753,253827,1128311,4014684,3762837,0,3771038,4677636,21878485,0,274747354,57036,0,0,2094,127890,114779829,39344664,63400,101417,psf__requests-1142,harness start-up,,
requests-257,base,1,99935453,57481240,,29944,26852,141335,138649,537,2816153,37429174,2153294,662859,95759,122042,217801,122042,71292,448904,94745,25127815,1412338,599290,141659,104517512,26472343,32778988,24482207,120757822,158300891,1498420,7397188,0,0,0,0,944080,31079314,0,0,0,9578589,489850,858987,104033,15109389,614449,3717970,2588203,0,12336243,3986863,28546811,0,427577518,243762,0,0,109212,12513204,120757770,40369787,85458,19757,psf__requests-1142,environment setup,,
requests-655,base,1,98949969,60312644,,49974,45937,172869,168626,678,3003761,39278935,2295250,708511,118322,135790,254112,135790,79199,493157,104729,25878892,1474525,565480,255245,107431371,27579339,30842761,42549803,122915728,162363722,1496594,8287502,0,0,0,0,411272,33621540,0,0,0,11798085,672226,1033754,92764,17183162,871121,3541819,3260300,0,7049953,3838233,37336709,0,449308386,439974,0,0,138582,14099274,122915655,42409722,92314,22649,psf__requests-1142,tool execution: python,,
requests-682,base,1,98820497,60130711,,44585,40583,170419,166211,652,2994579,39277011,2287804,706775,117838,135948,253786,135948,79230,491790,104707,25873402,1469433,561895,256476,107422375,27488190,30649604,42349083,122790249,161635694,1476704,8220960,0,0,0,0,387590,33393050,0,0,0,11718166,673279,1021288,80774,17008508,840719,3618842,3304621,0,7062336,3911883,37115589,0,448022326,434736,0,0,150090,13929492,122790176,42397585,92351,22766,psf__requests-1142,tool execution: python,,
requests-7,base,1,1225239,943953,,15079,13472,1327,1179,109,38260,377645,26924,11336,13017,4729,17746,4729,4703,14507,2767,265809,4096,1995,20833,1105108,78169,110037,3172925,1420992,1921863,57480,198160,0,0,0,0,20012,283466,0,0,0,122452,5281,11416,13859,722268,80954,34326,22050,0,219069,35000,582510,0,7016048,119406,0,0,3198,502752,1420975,416598,2266,1893,psf__requests-1142,tool execution: shell,,
requests-33,base,1,1242790,952943,,9585,7989,1322,1175,106,38327,383436,26896,11431,13086,4705,17791,4705,4738,14378,2755,269797,4086,1869,20941,1122139,77964,103266,3220907,1441801,1945383,58982,193944,0,0,0,0,23092,289722,0,0,0,124670,5213,11401,5804,743256,89755,37154,22694,0,201418,38425,588394,0,7080010,127602,0,0,3210,517242,1441796,422447,2228,1888,psf__requests-1142,tool execution: shell,,
requests-620,base,1,100000000,36810112,,69570,67179,23597,22811,316,346464,48842950,252463,94001,49233,8996,58229,8996,29044,45179,8187,32015805,182739,25212,44511,134342395,3472488,1336308,8033773,124675627,57673195,1582482,4718424,0,0,0,0,42872,10224800,0,0,0,13264009,1235673,156309,20813,3398704,343314,2879163,2113972,0,4506538,3548780,31082710,0,275727258,229236,0,0,29088,2470422,124675289,49197508,5561,683,psf__requests-1142,harness: agent loop,,
requests-626,base,1,99999191,36288504,,87044,84286,65870,64253,427,917614,35011582,574345,343269,66694,28492,95186,28492,40508,101820,22875,22817559,429207,88091,57047,96159906,7824747,4610976,9913184,109556487,71158746,2152948,5021994,0,0,0,0,268912,9713952,0,0,0,9986873,539322,423171,52759,7797132,959697,3447650,2372738,0,3020142,3652117,20014499,0,265480112,278436,0,0,48000,6122388,109556342,35956395,18405,4723,psf__requests-1142,harness: agent loop,,
requests-632,base,1,99996823,156035949,,108076,104554,71006,69063,406,5055167,36542973,4847968,207199,1390483,898451,2288934,898451,1378588,1996423,773633,24859047,1138001,1163852,2546115,104606559,21910512,61071946,471540811,123657627,173362805,3731170,35372752,0,0,0,0,234588,510847604,0,0,0,12163752,521962,464314,46848,8595407,875930,2722290,2217161,0,78475411,2745572,60586494,0,1225477514,234576,0,0,81390,6703698,123657627,41620480,443940,75532,psf__requests-1142,harness exit,,
xarray-1178,base,1,100000001,42436129,,40034,38712,259722,251914,184,2451827,41556423,1931561,520266,35026,12120,47146,12120,22689,98241,10375,27506492,1771133,137124,23304,115366692,31601083,7384007,4064301,117390698,90923891,2238486,5210602,0,0,0,0,90534,5785706,0,0,0,9192786,391606,1468824,20450,19367920,903979,4003097,4481416,0,2120484,4544874,15042253,0,296356718,108246,0,0,238344,17135862,117390599,44090656,8869,1296,pydata__xarray-2905,harness start-up,,
xarray-1181,base,1,99999870,50676097,,69219,66776,179902,174975,464,2189781,40126794,1649910,539871,82508,30171,112679,30171,52022,152630,26536,26957522,1425072,158187,66651,112827064,25616274,8436264,12056386,117247853,135753028,2184790,6127578,0,0,0,0,28356,6226502,0,0,0,10043759,463068,1111754,51679,17274316,1088945,4143311,3806607,0,3655339,4561528,21064439,0,365596770,269136,0,0,167022,14179488,117247632,42405741,21269,3496,pydata__xarray-2905,harness start-up,,
xarray-1157,base,1,99592065,57432689,,28856,26040,139889,137231,544,2810462,37342082,2145820,664642,96239,122246,218485,122246,71644,447956,94740,25053783,1406810,595874,143133,104238091,26365595,32577659,24495228,120380139,159056918,1425646,7104660,0,0,0,0,975886,31251716,0,0,0,9505238,485100,849087,75780,15007999,599773,3701022,2537001,0,12365337,3989233,28527424,0,427300280,251340,0,0,115296,12387786,120380056,40278420,85099,19932,pydata__xarray-2905,environment setup,,
xarray-434,base,1,92093275,54444224,,37053,33991,140294,137667,532,2757526,34298744,2155713,601813,85476,103264,188740,103264,56334,436237,83631,22920106,1412361,618593,124757,95403983,26520206,33952273,21208633,111261423,149369618,1378536,7159664,0,0,0,0,506472,32838578,0,0,0,9087235,452777,857232,70009,14884798,739244,3407555,2421442,0,12880266,3760840,26430919,0,404327144,249702,0,0,113712,12286038,111261412,37169806,76327,13322,pydata__xarray-2905,tool execution: python,,
xarray-730,base,1,92121504,54568867,,35350,32347,139548,136766,586,2757113,34322282,2155547,601566,85828,103765,189593,103765,56774,436180,83965,22942271,1412151,618574,124818,95508738,26522193,33937826,21329495,111296985,149959042,1428758,7250782,0,0,0,0,497866,32240742,0,0,0,9143617,460030,851336,63226,14941271,783224,3436007,2459362,0,12428034,3739482,27086914,0,405199864,281556,0,0,111414,12340116,111296965,37191808,76420,13472,pydata__xarray-2905,tool execution: python,,
xarray-15,base,1,1256989,966073,,10821,9205,1350,1191,109,38261,388219,26869,11392,13018,4866,17884,4866,4638,14511,3004,273061,4083,1979,20807,1135149,77751,108823,3359362,1458735,1953057,63244,210266,0,0,0,0,9594,306052,0,0,0,124752,5364,11683,6155,751569,100754,35699,23321,0,217108,36652,595685,0,7179416,125862,0,0,6510,517098,1458732,427163,2446,1799,pydata__xarray-2905,tool execution: shell,,
xarray-43,base,1,1225147,944823,,12234,10632,1317,1158,109,38228,377693,26870,11358,12967,4704,17671,4704,4732,14321,2751,265882,4071,1961,20838,1105612,77731,107298,3297432,1420892,1903501,57502,200618,0,0,0,0,21592,288424,0,0,0,121022,5375,11581,5315,755068,75505,37381,22347,0,221129,38050,577926,0,7017204,132918,0,0,3660,514458,1420889,416593,2232,1887,pydata__xarray-2905,tool execution: shell,,
xarray-1498,base,1,99996625,37024983,,85104,82606,83177,81088,461,953893,40381967,681394,272499,70518,19674,90192,19674,41934,93887,16515,26407334,544445,71901,65048,111686178,9765555,3873132,11440945,112786868,66465817,2446704,5803902,0,0,0,0,131840,11151460,0,0,0,9743393,450717,507068,59746,8937726,1051839,3571707,2687354,0,3637576,3684486,19453981,0,268043912,363150,0,0,65670,7152186,112786752,41363057,11088,2435,pydata__xarray-2905,harness: agent loop,,
xarray-1503,base,1,100000002,38701628,,95400,92947,35021,34026,327,1204607,38728712,707857,496750,101183,148334,249517,148334,88376,324339,101600,25123801,255227,286794,165836,105948017,4994863,15261467,56470482,114934360,57425189,3259404,9024806,0,0,0,0,446460,36857876,0,0,0,9633746,646574,215702,36721,4856311,481603,2978655,1858754,0,7037309,3264364,21384736,0,291243656,308184,0,0,38544,3609138,114933913,39955979,87892,45149,pydata__xarray-2905,harness: agent loop,,
xarray-1511,base,1,100000006,297367422,,74033,71630,507,448,39,7191876,30644084,6766788,425088,2933141,1630133,4563274,1630133,2943878,3833452,1508621,20941676,458671,1634799,4673317,87747281,8863128,85825118,811980557,123194579,192381164,5886214,36957346,0,0,0,0,39208,925172614,0,0,0,9365108,628102,8131,8201,540755,1113431,1547198,1343617,0,174348522,1330517,62474064,0,2370479086,51126,0,0,1392,261894,123194572,37991829,599797,97584,pydata__xarray-2905,harness exit,,
sphinx-377,base,1,100000003,42186652,,47360,45874,260661,253431,208,2434809,41584918,1933871,500938,33391,11448,44839,11448,21359,89157,9855,27515190,1789322,122950,21599,115468925,31908784,6585149,3770376,117350543,90710556,2198368,5073634,0,0,0,0,69362,5264692,0,0,0,9139685,391619,1475181,19648,19224279,869958,4007246,4450507,0,2042343,4598852,15484388,0,294541672,98874,0,0,237702,17014440,117350168,44095927,8595,1208,sphinx-doc__sphinx-8459,harness start-up,,
sphinx-381,base,1,100000004,38972767,,8341,8171,471,428,25,879846,38381145,415992,463854,90659,171116,261775,171116,170651,335809,66928,25547795,105980,166494,143518,107064882,2093112,9012086,56644031,114760469,51920969,1867298,8778186,0,0,0,0,16128552,24560180,0,0,0,8543546,119407,3872,6075,247845,1249904,4090969,3808352,0,3037086,4754325,20685306,0,276624046,40530,0,0,1236,149112,114760273,39306645,62758,102833,sphinx-doc__sphinx-8459,harness start-up,,
sphinx-372,base,1,99660019,57691712,,31798,28974,139729,137069,537,2811111,37386947,2146345,664766,95907,122352,218259,122352,71213,448199,95099,25096000,1406482,597645,142216,104410872,26354899,32689608,24678564,120463499,160611864,1453164,7106784,0,0,0,0,961910,30917132,0,0,0,9643355,502850,852618,121250,15018081,613454,3761201,2573404,0,12121547,4063443,28672933,0,429140976,274938,0,0,120888,12352284,120463486,40323802,85563,19622,sphinx-doc__sphinx-8459,environment setup,,
sphinx-736,base,1,99999540,53804576,,53494,47984,187906,183590,639,2515243,40251337,1764828,750415,91775,112428,204203,112428,58872,319759,81930,26568543,1302971,266773,195084,110143720,24205446,14180105,32401151,124027338,152772328,1464034,5803536,0,0,0,0,930018,11546068,0,0,0,10850237,658134,1115402,100397,17886028,955009,3767908,3443404,0,3431199,4015061,34576730,0,395717906,391704,0,0,147132,14830044,124027334,42903690,75711,24798,sphinx-doc__sphinx-8459,tool execution: python,,
sphinx-793,base,1,99999540,60382754,,42865,39159,176127,171802,645,2979699,39839279,2274318,705381,111743,131149,242892,131149,75412,485523,100506,26246160,1469776,558398,246143,108920861,27515390,30472220,40712965,124280513,163239243,1518956,8381800,0,0,0,0,422740,33402924,0,0,0,11902099,683090,1050448,85754,17099057,844578,3613083,3327364,0,6920191,3918031,36733352,0,449444776,352674,0,0,138030,14112756,124280445,42945433,88470,22427,sphinx-doc__sphinx-8459,tool execution: python,,
sphinx-19,base,1,1262497,962207,,11638,10082,1315,1173,99,38291,389995,26905,11386,13006,4784,17790,4784,4687,14381,2886,274229,4080,1858,20967,1139577,78241,102904,3304813,1465303,1960752,64190,208754,0,0,0,0,19980,296508,0,0,0,124561,5114,11569,6090,751699,90729,37994,23241,0,197770,38796,584301,0,7149970,121254,0,0,7548,526068,1465300,428965,2341,1833,sphinx-doc__sphinx-8459,tool execution: shell,,
sphinx-54,base,1,1225034,945739,,10673,9099,1336,1183,103,38261,377528,26847,11414,12865,4731,17596,4731,4731,14384,2724,265777,4072,1952,20823,1105198,78790,107211,3358922,1420810,1922787,57208,195354,0,0,0,0,20852,301856,0,0,0,120927,5077,11415,7842,740517,79432,36323,22263,0,210678,37640,574181,0,7033506,119676,0,0,7986,514002,1420798,416527,2207,1940,sphinx-doc__sphinx-8459,tool execution: shell,,
sphinx-670,base,1,92079812,37922105,,110473,107243,100925,98115,579,1122738,37636396,784795,337943,85634,23264,108898,23264,49085,108809,17738,24378935,621961,80671,82163,102750535,11440121,4443549,14312220,105633567,72056317,3010386,8373276,0,0,0,0,187590,8173970,0,0,0,7959655,459942,630621,76948,11169928,1106095,2942228,2627135,0,4450913,3097381,22208877,0,275023752,349488,0,0,98772,8997054,105633549,38784605,10895,5132,sphinx-doc__sphinx-8459,harness: agent loop,,
sphinx-681,base,1,100000002,31391677,,31059,30154,21924,21532,146,641549,39729883,409123,232426,49055,48348,97403,48348,44377,134997,36514,26228033,235295,125121,48707,110885283,4789665,6704867,9006926,110810150,42036335,1606720,4270860,0,0,0,0,578328,19161264,0,0,0,11883014,672679,124431,30290,2533929,320383,3496633,2380985,0,2730283,3847648,20799727,0,230406902,160242,0,0,10068,1946256,110809723,40393168,31990,9912,sphinx-doc__sphinx-8459,harness: agent loop,,
sphinx-693,base,1,100000000,104150433,,68884,67303,1073,968,72,5987856,33610940,4856841,1131015,550137,426167,976304,426167,548065,1660964,398007,22442254,1459792,2128242,1268807,93329234,27699908,116910209,256501605,120764228,109903262,9639666,14885146,0,0,0,0,336,299589242,0,0,0,5581495,233630,12840,10539,1063122,586217,884846,398582,0,58232344,627338,28456098,0,827542174,163032,0,0,3876,507684,120763995,39694629,343339,25811,sphinx-doc__sphinx-8459,harness exit,,
sympy-261,base,1,100000003,42259530,,57172,55583,264099,256806,212,2431518,41606865,1920960,510558,33330,11690,45020,11690,21285,87039,10121,27533913,1781145,118239,21576,115528102,31840661,6357018,3763258,117371247,91111378,2217864,5103976,0,0,0,0,43834,5133798,0,0,0,9230307,386470,1494677,14174,19571284,827852,3968944,4430420,0,2002431,4482635,15017113,0,294834086,101100,0,0,210222,17304744,117371097,44120542,8770,1122,sympy__sympy-11618,harness start-up,,
sympy-264,base,1,99999874,50906700,,66291,64191,180885,175959,455,2170254,40133154,1630159,540095,82511,30584,113095,30584,52210,150589,26648,26978569,1405223,158253,66683,112911084,25344002,8397928,12012301,117261077,137792420,2185930,6169170,0,0,0,0,62888,6152744,0,0,0,10116996,462428,1115017,42390,17290514,1060615,4181891,3819857,0,3533201,4574651,21190389,0,367541910,282852,0,0,175902,14179356,117260837,42392591,21190,2953,sympy__sympy-11618,harness start-up,,
sympy-255,base,1,99461021,57313353,,26647,23983,139767,137209,489,2812624,37369740,2149196,663428,96094,122373,218467,122373,71324,449080,95296,25073111,1408579,598114,142503,104366019,26404774,32708926,24789225,120258974,156516819,1526016,7321874,0,0,0,0,975822,31056792,0,0,0,9590174,485424,849830,96959,14896927,613972,3693013,2602063,0,12656315,3972744,30268370,0,426588990,240096,0,0,111192,12335310,120258972,40307766,85920,19504,sympy__sympy-11618,environment setup,,
sympy-629,base,1,99999541,51855969,,40589,36924,172912,168695,676,2312791,41332318,1540029,772762,92910,120779,213689,120779,60578,318771,85906,27204845,1127804,221438,190787,112716941,21830665,11850460,32020990,124770877,139980944,2004868,7676692,0,0,0,0,801390,11583582,0,0,0,10645328,678599,1023952,160301,16297711,955032,3723437,3596960,0,3471865,3928312,31571950,0,380234146,385230,0,0,132144,13485984,124770513,43805138,79423,29782,sympy__sympy-11618,tool execution: python,,
sympy-582,base,1,99009362,60255124,,53703,49460,170878,166578,636,2997230,39328793,2289971,707259,118043,135641,253684,135641,79232,492985,104628,25908564,1468917,566671,254383,107568036,27494810,30926337,42644253,122994282,162141320,1522448,8295270,0,0,0,0,415798,33895544,0,0,0,11769579,670731,1022187,86938,16994809,877433,3663593,3311115,0,7367670,3973836,36832576,0,448751232,436284,0,0,162996,13893162,122994209,42452608,92316,22679,sympy__sympy-11618,tool execution: python,,
sympy-67,base,1,1253347,953903,,11857,10237,1321,1174,102,38258,387009,26942,11316,12805,4820,17625,4820,4612,14492,2934,272184,4100,2155,20687,1130875,77997,118504,3293424,1454312,1931126,62204,200560,0,0,0,0,20090,294448,0,0,0,123740,5586,11467,4622,743327,93667,37178,22730,0,202130,38265,587519,0,7087560,128892,0,0,3624,519552,1454309,425890,2428,1822,sympy__sympy-11618,tool execution: shell,,
sympy-20,base,1,1225188,942943,,8646,7061,1317,1180,95,38219,377702,26884,11335,12958,4739,17697,4739,4650,14397,2798,265865,4106,1935,20843,1104897,78244,107189,3155254,1420936,1926264,57300,197942,0,0,0,0,11452,265940,0,0,0,121712,5264,11299,6046,746398,76732,36527,22354,0,204902,37871,578499,0,7011492,116946,0,0,5166,531948,1420931,416581,2309,1877,sympy__sympy-11618,tool execution: shell,,
sympy-534,base,1,99998203,40979843,,90714,87773,120294,117341,474,1074387,42664185,805771,268616,75859,13271,89130,13271,43376,109392,11877,27853699,630107,103309,72354,117644569,11417632,5686030,12921018,115121222,82900115,2420544,5704912,0,0,0,0,44874,9631898,0,0,0,9750397,498375,745130,52489,12446333,1146899,3833799,3071627,0,3922505,4056725,21378553,0,294641480,304698,0,0,100716,10136808,115120942,43769349,6269,1020,sympy__sympy-11618,harness: agent loop,,
sympy-540,base,1,100000003,179233887,,87750,85061,13797,13179,310,6134749,33969813,6097503,37246,1804830,1204026,3008856,1204026,1800462,2607903,1044170,23515561,1085767,1611165,3400571,98852025,20810278,83156969,628823223,128590217,180716781,5074078,40778820,0,0,0,0,134,584434344,0,0,0,12363397,586550,105255,43591,3227781,553708,1642672,1463890,0,111905143,1468990,77073634,0,1422189474,228762,0,0,33396,2243070,128590068,40114202,614859,89738,sympy__sympy-11618,harness exit,,
django-341,no_dpref,1,100000001,42602615,,48584,46889,259931,252538,272,2426895,41569027,1911954,514941,43399,0,43399,0,30632,96234,0,27521534,1750538,136296,25120,115459611,31197232,7360257,4268660,117350317,91661834,2227018,5186230,0,0,0,0,90506,5882878,0,0,0,9182215,389246,1483666,18004,19601054,852631,4074406,4481990,0,2206335,4664431,14951347,0,296964764,133194,0,0,238938,17235198,117350268,44084912,0,0,django__django-13809,harness start-up,,
django-341,perfect_l1i,1,100000001,40212902,,75726,73688,0,0,0,2443022,41556086,1929056,513966,32827,11937,44764,11937,21536,89995,10220,27507618,1778573,128055,22428,115458417,31604607,6916009,3929391,117350317,95448447,2271782,5303198,0,0,0,0,68318,5950480,0,0,0,11039390,772503,0,0,0,950313,4039242,4603268,0,2211629,4687201,15140033,0,283092248,0,0,0,0,0,117350268,44084912,8753,1248,django__django-13809,harness start-up,,
django-341,perfect_l1d,1,100000001,37020570,,0,0,260579,253558,170,0,44084912,0,0,12315,0,12315,0,464,443,0,0,0,0,0,0,0,0,0,117350317,76265089,1672864,3479548,0,0,0,0,0,0,0,0,0,9262991,391641,1471352,7383,17978678,361301,3858880,4337302,0,506723,4442786,13570323,0,256126426,126972,0,0,143802,16060392,117350268,44084912,0,0,django__django-13809,harness start-up,,
django-341,perfect_l2,1,100000001,40133351,,303,238,258348,251684,0,2398421,41614469,1899663,498758,0,0,0,0,0,0,0,27550793,1499532,0,400131,115614171,26805953,0,7040262,117350317,89275346,2141906,4921974,0,0,0,0,0,2703320,0,0,0,9218416,392033,1462475,0,17336629,571854,4039969,4463399,0,1177279,4631191,14661366,0,279224180,0,0,0,142986,15542622,117350268,44084912,0,0,django__django-13809,harness start-up,,
django-341,perfect_llc,1,100000001,41543139,,5707,5174,259893,252741,9,2419684,41585992,1912123,507561,0,0,0,0,0,96273,0,27531119,1751113,136524,24486,115501208,31201616,7370678,1359857,117350317,91508575,2216574,5151572,0,0,0,0,64,4648570,0,0,0,9187082,390039,1476964,306,18955628,740085,4070715,4480994,0,1683616,4660020,14931192,0,289279336,1386,0,0,237318,16905228,117350268,44084912,0,0,django__django-13809,harness start-up,,
django-341,perfect_all,1,100000001,34760780,,0,0,0,0,0,0,44084912,0,0,0,0,0,0,0,0,0,0,0,0,0,0,0,0,0,117350317,79815788,1707894,3559758,0,0,0,0,0,0,0,0,0,11143137,782277,0,0,0,382456,3821596,4456209,0,521957,4459957,13729422,0,242968730,0,0,0,0,0,117350268,44084912,0,0,django__django-13809,harness start-up,,
django-341,l1d_2x,1,100000001,41249501,,44295,42789,260510,253304,199,1475245,42564897,1171176,304069,34102,11752,45854,11752,21978,82970,10256,28306532,1042830,105878,22468,118766906,18623859,5700471,3902868,117350317,87723665,2057564,4873026,0,0,0,0,73928,4382996,0,0,0,9203975,390302,1483681,16089,19355535,731527,4013762,4442996,0,1790128,4601164,14618458,0,287146458,125376,0,0,217776,17047338,117350268,44084912,8742,1172,django__django-13809,harness start-up,,
django-341,record,1,100000001,42584247,,45278,43649,259911,252593,204,2423471,41578841,1912108,511363,33988,12000,45988,12000,21902,98548,10314,27527770,1750154,139512,22442,115485432,31189898,7522630,3929144,117350317,91654668,2227512,5181584,0,0,0,0,73840,5827626,0,0,0,9183812,389330,1483368,22545,19607940,877627,4074313,4481993,0,2163712,4664760,14949565,0,296828906,134988,0,0,247416,17231214,117350268,44084912,8832,1229,django__django-13809,harness start-up,35051,100000053
django-343,no_dpref,1,100000001,40973216,,8933,8764,1017,864,21,887702,38345964,417015,470687,254069,0,254069,0,251670,317319,0,25523745,106555,82639,227820,107098306,2101106,4716434,67492600,114754634,51469212,1916888,8888190,0,0,0,0,16065900,27145040,0,0,0,8447005,124670,7164,9429,286561,1769141,4032294,3729805,0,6074269,4674080,21795625,0,291574710,56562,0,0,8580,163170,114754445,39301920,0,0,django__django-13809,harness start-up,,
django-343,perfect_l1i,1,100000001,38871746,,18347,18069,0,0,0,878618,38377726,414828,463790,89702,171719,261421,171719,169863,334398,68155,25548610,105778,167560,141489,107207399,2089027,9064270,56209940,114754634,51215798,1879406,8847844,0,0,0,0,16161898,24222832,0,0,0,8464817,126226,0,0,0,1224812,4034810,3733088,0,3147563,4672305,21691796,0,276197422,0,0,0,0,0,114754445,39301920,63375,102214,django__django-13809,harness start-up,,
django-343,perfect_l1d,1,100000003,29233878,,0,0,881,833,25,0,39301857,0,0,1677,0,1677,0,65,64,0,0,0,0,0,0,0,0,0,114754413,41792426,1195736,4136404,0,0,0,0,0,0,0,0,0,8578826,140235,6465,1793,176382,583465,3962017,3716507,0,193172,4677003,17191346,0,203046712,40902,0,0,1284,118236,114754288,39301861,0,0,django__django-13809,harness start-up,,
django-343,perfect_l2,1,100000003,31726995,,144,129,926,782,1,838203,38441688,396633,441570,0,0,0,0,0,0,0,25590367,99429,0,297204,107376737,2023355,0,11900047,114754429,45828670,1337100,8131308,0,0,0,0,6234016,3082656,0,0,0,8602517,135002,5745,24,77322,630894,3973793,3733002,0,245856,4643119,19486834,0,222856224,102,0,0,8688,61902,114754295,39301863,0,0,django__django-13809,harness start-up,,
django-343,perfect_llc,1,100000001,33258267,,990,930,908,775,2,881981,38376451,418903,463078,0,0,0,0,0,317331,0,25546623,107699,83649,227554,107201197,2169532,4771788,18848496,114754634,51017867,1797686,8590102,0,0,0,0,5395824,4103436,0,0,0,8463645,129768,5722,858,93540,786207,4022058,3731569,0,799205,4665810,21794749,0,234601798,672,0,0,8112,76482,114754445,39301920,0,0,django__django-13809,harness start-up,,
django-343,perfect_all,1,100000003,29209169,,0,0,0,0,0,0,39301857,0,0,0,0,0,0,0,0,0,0,0,0,0,0,0,0,0,114754413,41819672,1196934,4144402,0,0,0,0,0,0,0,0,0,8588652,141055,0,0,0,584244,3960555,3717068,0,193561,4671020,17192573,0,202902774,0,0,0,0,0,114754288,39301861,0,0,django__django-13809,harness start-up,,
django-343,l1d_2x,1,100000001,38829492,,8164,7995,1025,867,23,868811,38387725,408460,460351,89339,171717,261056,171717,169392,332587,67837,25555170,102448,164580,141431,107230897,2022554,8896449,55904888,114754634,51007066,1875772,8840884,0,0,0,0,16073588,24156144,0,0,0,8456396,125706,7342,9579,277122,1239180,4034193,3730978,0,3097823,4671489,21586040,0,275771082,43326,0,0,8496,151440,114754445,39301920,63287,103016,django__django-13809,harness start-up,,
django-343,record,1,100000001,38832911,,7487,7319,1026,867,23,878542,38377864,414816,463726,89539,171801,261340,171801,169431,335118,67461,25548684,105963,167249,141603,107205281,2092335,9050463,55716111,114754634,51182081,1877152,8838632,0,0,0,0,16118354,23864890,0,0,0,8457604,125458,7317,9678,278142,1219809,4035183,3732402,0,3114535,4672905,21687915,0,275873634,45792,0,0,8526,163164,114754445,39301920,63292,102981,django__django-13809,harness start-up,169222,100000369
django-551,no_dpref,1,99999552,54821079,,42064,38867,210706,205657,591,2627717,41431585,1844500,783217,183994,0,183994,0,143735,267130,0,27694664,1335178,219692,289630,115369020,24853385,12085671,44160651,123845331,151356964,1612202,5437062,0,0,0,0,995032,13621412,0,0,0,10911206,541603,1245008,125279,18759133,835381,4044892,3875852,0,4196214,4550260,32164357,0,402386652,306834,0,0,168414,15603498,123845325,44246488,0,0,django__django-13809,tool execution: python,,
django-551,perfect_l1i,1,99999552,51712848,,64259,59322,0,0,0,2600741,41506517,1844995,755746,85133,112545,197678,112545,59041,326836,80969,27742125,1340749,291520,212726,115626945,25000136,15487839,35755770,123845331,155459180,1587548,5408436,0,0,0,0,970526,12164784,0,0,0,12283578,792064,0,0,0,800928,4030414,4023134,0,3664595,4607411,32335876,0,382924752,0,0,0,0,0,123845325,44246488,74060,25912,django__django-13809,tool execution: python,,
django-551,perfect_l1d,1,99999552,45813008,,1676,147,212885,208188,397,0,44246488,0,0,30951,0,30951,0,1041,1640,0,0,0,0,0,0,0,0,0,123845331,130730039,1296844,4151266,0,0,0,0,0,0,0,0,0,10988853,545119,1234803,20621,15881051,336048,3843273,3786722,0,598749,4367038,29310395,0,333580776,241848,0,0,111438,13464036,123845325,44246488,0,0,django__django-13809,tool execution: python,,
django-551,perfect_l2,1,99999552,49135952,,3637,989,209012,204862,0,2509161,41653074,1803505,705656,0,0,0,0,0,0,0,27838592,1000619,0,802886,116003494,18488884,0,14563063,123845331,147083383,1462324,4497428,0,0,0,0,39528,3777338,0,0,0,10973857,541788,1209401,349,14083879,477763,3990671,3864096,0,1098932,4508343,31509788,0,359659078,0,0,0,88446,12060246,123845325,44246488,0,0,django__django-13809,tool execution: python,,
django-551,perfect_llc,1,99999552,51762013,,8755,5381,209463,205064,43,2586779,41533390,1840309,746470,0,0,0,0,0,267350,0,27759722,1335183,220328,284798,115651329,24863482,12116972,14827016,123845331,151148826,1560232,4961546,0,0,0,0,28824,7616506,0,0,0,10927282,542707,1224470,1669,16607088,611931,4038808,3879090,0,2110809,4545028,32078657,0,379295058,6726,0,0,151188,14132112,123845325,44246488,0,0,django__django-13809,tool execution: python,,
django-551,perfect_all,1,99999552,43840488,,2932,250,0,0,0,0,44246488,0,0,0,0,0,0,0,0,0,0,0,0,0,0,0,0,0,123845331,134443501,1299082,4198552,0,0,0,0,0,0,0,0,0,12373527,802280,0,0,0,352772,3827492,3926725,0,608574,4428813,29492899,0,322253074,0,0,0,0,0,123845325,44246488,0,0,django__django-13809,tool execution: python,,
django-551,l1d_2x,1,99999552,53022891,,38147,35068,212017,206983,571,1973091,42157277,1347588,625503,90662,110873,201535,110873,61405,328757,81147,28262642,855701,275147,216740,117750173,15831636,14575692,36234160,123845331,147421317,1500600,5320184,0,0,0,0,954904,11610392,0,0,0,10937410,537218,1250610,63078,18695048,683098,3995441,3855944,0,3470497,4506224,31580068,0,388609380,301458,0,0,163554,15589452,123845325,44246488,73908,25612,django__django-13809,tool execution: python,,
django-551,record,1,99999552,54010855,,32711,29614,210805,205773,579,2594408,41514434,1840605,753803,90022,112016,202038,112016,61718,338809,79615,27748099,1330994,293282,216329,115602028,24771479,15585175,35927136,123845331,151098943,1571490,5362472,0,0,0,0,963468,12184102,0,0,0,10926583,537903,1245420,63112,18869849,752329,4031100,3877192,0,3757732,4546434,32112069,0,396061568,287232,0,0,171282,15720672,123845325,44246488,73106,26802,django__django-13809,tool execution: python,135371,100000031
django-506,no_dpref,1,99999373,40679434,,102993,99912,105579,103024,505,964778,40786417,703084,261694,86285,0,86285,0,52468,108533,0,26791565,525281,89920,87883,112921656,9576265,4977822,14315838,112937537,82607719,1917174,4590784,0,0,0,0,123190,10383830,0,0,0,10770124,666215,660219,48838,11615923,1375723,3745987,2992635,0,3912035,4020889,23119886,0,293718962,366552,0,0,84816,9317928,112937369,41785330,0,0,django__django-13809,harness: agent loop,,
django-506,perfect_l1i,1,99999373,39006301,,157983,153930,0,0,0,962557,40792995,706086,256471,71479,17088,88567,17088,42227,102509,14847,26792920,531950,104917,69219,112963551,9696470,5697396,12099694,112937537,84847668,1915396,4609622,0,0,0,0,107304,9786618,0,0,0,11423904,791046,0,0,0,1318393,3739679,3071195,0,3793129,4029641,23228990,0,283642656,0,0,0,0,0,112937369,41785330,9774,1648,django__django-13809,harness: agent loop,,
django-506,perfect_l1d,1,99999373,34377992,,90,62,105101,102648,505,0,41785330,0,0,29853,0,29853,0,1115,1791,0,0,0,0,0,0,0,0,0,112937537,71322548,1396532,4124368,0,0,0,0,0,0,0,0,0,10866054,673223,645120,44693,10182949,286162,3628021,2933222,0,788263,3903600,21783590,0,246673042,399264,0,0,50892,8367270,112937369,41785330,0,0,django__django-13809,harness: agent loop,,
django-506,perfect_l2,1,99999373,35656515,,1120,877,103306,101485,0,912908,40850840,685669,227239,0,0,0,0,0,0,0,26821533,376987,0,308682,113060984,6847340,0,5606194,112937537,78616522,1657396,4410472,0,0,0,0,0,1531682,0,0,0,10861684,672871,627830,0,8270503,457415,3694967,2970231,0,1003646,3964233,22606674,0,256845722,0,0,0,36252,7002150,112937369,41785330,0,0,django__django-13809,harness: agent loop,,
django-506,perfect_llc,1,99999373,37386936,,14680,13375,104346,102342,34,953405,40804691,700751,252654,0,0,0,0,0,108736,0,26800799,525309,90365,85077,112956611,9551477,4993754,4602078,112937537,82192948,1795446,4478488,0,0,0,0,1016,3242570,0,0,0,10833578,671191,640234,1404,9729945,670870,3730757,2988786,0,1617667,4002511,23060717,0,269515818,5808,0,0,70434,8224398,112937369,41785330,0,0,django__django-13809,harness: agent loop,,
django-506,perfect_all,1,99999373,33047717,,90,62,0,0,0,0,41785330,0,0,0,0,0,0,0,0,0,0,0,0,0,0,0,0,0,112937537,73482225,1401586,4135530,0,0,0,0,0,0,0,0,0,11518497,797881,0,0,0,305802,3623171,3011344,0,789662,3916722,21911117,0,238991740,0,0,0,0,0,112937369,41785330,0,0,django__django-13809,harness: agent loop,,
django-506,l1d_2x,1,99999373,40033575,,98260,95244,105613,103085,492,668225,41095981,473860,194365,76794,17143,93937,17143,43857,105687,15139,27033800,301930,102243,69687,113951750,5540385,5538796,12120337,112937537,81100111,1854322,4576734,0,0,0,0,101510,9468972,0,0,0,10784479,666934,660293,63190,11600907,1218629,3730697,2986439,0,3742412,4003243,22934307,0,288848766,358116,0,0,81054,9334470,112937369,41785330,9829,1663,django__django-13809,harness: agent loop,,
django-506,record,1,99999373,40445207,,104514,101468,105539,103004,493,959459,40796924,702810,256649,77139,17244,94383,17244,44083,109775,14982,26797027,524262,108616,69932,112943222,9554303,5895384,12184031,112937537,82557561,1906024,4582944,0,0,0,0,118422,9847712,0,0,0,10778795,667659,660282,53979,11562441,1325311,3744366,2992930,0,3758577,4018675,23106334,0,291906526,365628,0,0,82830,9273186,112937369,41785330,9762,1697,django__django-13809,harness: agent loop,58310,100000207
requests-263,no_dpref,1,100000001,42321678,,46916,45439,257246,250118,293,2430673,41502302,1902180,528493,44910,0,44910,0,31714,89700,0,27484051,1756309,118535,27336,115317548,31380423,6390844,4699582,117401260,90661812,2188602,5243876,0,0,0,0,90180,5748984,0,0,0,9140648,395522,1469787,27518,19135084,788875,3966702,4377695,0,2109248,4532148,14920486,0,295435128,124704,0,0,203838,16868268,117400938,44020568,0,0,psf__requests-1142,harness start-up,,
requests-263,perfect_l1i,1,100000001,39982028,,76981,75083,0,0,0,2444626,41491072,1917667,526959,34025,12483,46508,12483,22299,84413,10773,27471287,1781229,112506,23932,115323069,31758366,6040226,4273934,117401260,94474410,2254308,5367578,0,0,0,0,68310,5787366,0,0,0,10946086,776026,0,0,0,844972,3952252,4497840,0,2154933,4552734,15084720,0,281836538,0,0,0,0,0,117400938,44020568,9138,1238,psf__requests-1142,harness start-up,,
requests-263,perfect_l1d,1,100000002,36853732,,35,22,257628,250500,171,0,44020561,0,0,12610,0,12610,0,477,453,0,0,0,0,0,0,0,0,0,117401254,75967767,1677944,3473726,0,0,0,0,0,0,0,0,0,9196662,397364,1455485,8431,17643471,345464,3773933,4239258,0,507500,4348292,13513358,0,255326350,120948,0,0,146442,15762300,117400891,44020562,0,0,psf__requests-1142,harness start-up,,
requests-263,perfect_l2,1,100000005,39929288,,544,417,255398,248846,0,2401658,41547944,1889936,511722,0,0,0,0,0,0,0,27512922,1557870,0,332066,115470772,27847010,0,5927812,117401315,88523073,2127100,5091586,0,0,0,0,0,2618708,0,0,0,9180360,397722,1445606,0,16991548,536125,3939657,4362399,0,1179250,4506576,14663805,0,278185608,0,0,0,138936,15255426,117400917,44020566,0,0,psf__requests-1142,harness start-up,,
requests-263,perfect_llc,1,100000001,41193721,,6739,6151,256991,250163,8,2423297,41518969,1902142,521155,0,0,0,0,0,89803,0,27493380,1756515,118922,26705,115357526,31381516,6411610,1477559,117401260,90514656,2174998,5203052,0,0,0,0,56,4305154,0,0,0,9147227,396495,1461820,262,18458213,648129,3964538,4377124,0,1589765,4529236,14903369,0,287253788,816,0,0,201480,16504722,117400938,44020568,0,0,psf__requests-1142,harness start-up,,
requests-263,perfect_all,1,100000000,34639021,,29,19,0,0,0,0,44020561,0,0,0,0,0,0,0,0,0,0,0,0,0,0,0,0,0,117401292,79444101,1718586,3558352,0,0,0,0,0,0,0,0,0,11030510,782254,0,0,0,373730,3750658,4361030,0,520672,4373072,13676692,0,242421304,0,0,0,0,0,117400888,44020562,0,0,psf__requests-1142,harness start-up,,
requests-263,l1d_2x,1,100000000,41014489,,45638,44248,257693,250661,227,1471280,42503780,1160234,311046,35077,12468,47545,12468,22720,79039,10797,28268082,1041387,94903,23944,118635929,18646243,5101373,4200893,117401347,86878572,2025368,4844464,0,0,0,0,57760,4383240,0,0,0,9163509,396632,1468852,29079,18942290,662350,3917492,4338580,0,1723289,4481358,14588838,0,285922532,120444,0,0,200568,16724124,117400888,44020561,9128,1324,psf__requests-1142,harness start-up,,
requests-263,record,1,100000001,42270963,,48793,47339,257218,250136,242,2427623,41510786,1902390,525233,35259,12446,47705,12446,22729,92248,10730,27489275,1755982,122512,23896,115338941,31373504,6590401,4158303,117401260,90649886,2187898,5232832,0,0,0,0,64320,5574976,0,0,0,9141699,395739,1469419,36016,19136917,763194,3966781,4377680,0,2088219,4532050,14918977,0,295087674,119670,0,0,204510,16861956,117400938,44020568,9098,1259,psf__requests-1142,harness start-up,36368,100000584
requests-267,no_dpref,1,100000007,40809677,,11101,10879,691,617,34,886403,38389663,413241,473162,253106,0,253106,0,250743,316501,0,25544310,103452,84065,225724,107102940,2040211,4788769,67095685,114780181,50816657,1822130,8534838,0,0,0,0,15850878,26840904,0,0,0,8809013,97097,4867,17632,248166,1842279,4014200,3756400,0,6696811,4679259,22007419,0,290048340,51678,0,0,5148,137784,114779829,39344664,0,0,psf__requests-1142,harness start-up,,
requests-267,perfect_l1i,1,100000007,38666232,,22138,21787,0,0,0,877067,38421643,411235,465832,88389,171571,259960,171571,168939,333663,67366,25568960,103132,168083,140020,107208015,2035059,9091451,55833062,114780181,50560134,1777382,8475328,0,0,0,0,15967486,23965040,0,0,0,8848227,98549,0,0,0,1149129,4014139,3763046,0,3807463,4673595,21880022,0,274578624,0,0,0,0,0,114779829,39344664,62793,102839,psf__requests-1142,harness start-up,,
requests-267,perfect_l1d,1,100000007,29194986,,0,0,610,550,28,0,39344654,0,0,1702,0,1702,0,67,65,0,0,0,0,0,0,0,0,0,114780181,41349498,1091278,3534444,0,0,0,0,0,0,0,0,0,9129973,104917,3961,1981,158208,524370,3956941,3754695,0,178365,4645763,16999030,0,202337442,48978,0,0,1770,95052,114779809,39344655,0,0,psf__requests-1142,harness start-up,,
requests-267,perfect_l2,1,100000007,31682930,,341,301,587,535,0,837954,38484858,395269,442685,0,0,0,0,0,0,0,25609033,98268,0,297001,107368762,1975196,0,11549034,114780206,45378291,1229420,7680734,0,0,0,0,6082304,3065216,0,0,0,9105226,102919,3401,905,49758,587413,3974184,3755939,0,224215,4631749,19407582,0,222139634,0,0,0,2250,41688,114779810,39344655,0,0,psf__requests-1142,harness start-up,,
requests-267,perfect_llc,1,100000007,33248669,,1229,1141,573,524,3,880103,38420757,414940,465163,0,0,0,0,0,316490,0,25567405,104579,84936,225425,107203691,2101143,4831795,18797185,114780181,50458856,1706780,8206714,0,0,0,0,5309584,4116940,0,0,0,8931096,97922,3392,1827,67350,788487,4003296,3761472,0,841343,4654079,21954499,0,234198962,1008,0,0,2034,56628,114779829,39344664,0,0,psf__requests-1142,harness start-up,,
requests-267,perfect_all,1,100000007,29171879,,0,0,0,0,0,0,39344654,0,0,0,0,0,0,0,0,0,0,0,0,0,0,0,0,0,114780181,41371268,1091740,3535038,0,0,0,0,0,0,0,0,0,9133774,105884,0,0,0,524302,3956828,3754489,0,178430,4645131,17000957,0,202201828,0,0,0,0,0,114779809,39344655,0,0,psf__requests-1142,harness start-up,,
requests-267,l1d_2x,1,100000007,38662722,,9843,9633,693,620,32,867596,38431289,405083,462513,89761,171065,260826,171065,169198,331254,68443,25575287,99596,165603,139884,107234157,1964611,8941894,56070152,114780181,50359823,1776522,8471724,0,0,0,0,15876542,24023434,0,0,0,8841573,97655,5048,7816,247164,1145454,4014123,3761813,0,3746780,4677300,21768646,0,274492534,56910,0,0,2040,125568,114779829,39344664,63286,101759,psf__requests-1142,harness start-up,,
requests-267,record,1,100000007,38691152,,12053,11828,690,615,32,877114,38421674,411282,465832,90049,171411,261460,171411,169556,333108,68629,25568991,103001,168081,140200,107209698,2032923,9093159,55866735,114780181,50529532,1776918,8472580,0,0,0,0,15903934,23926268,0,0,0,8842202,97582,4975,7753,253827,1128311,4014684,3762837,0,3771038,4677636,21878485,0,274747354,57036,0,0,2094,127890,114779829,39344664,63400,101417,psf__requests-1142,harness start-up,169273,100000663
requests-620,no_dpref,1,100000000,36972127,,71696,69174,23559,22786,304,354206,48834150,252570,101636,55007,0,55007,0,34345,44607,0,32014640,183072,13794,55703,134338652,3478835,780998,9474280,124675627,57707327,1584006,4723650,0,0,0,0,36856,10452552,0,0,0,13261624,1236920,156190,20743,3401004,362482,2879537,2114243,0,4572141,3548979,31089916,0,276990460,214764,0,0,21762,2490174,124675289,49197508,0,0,psf__requests-1142,harness: agent loop,,
requests-620,perfect_l1i,1,100000000,36434658,,111639,108609,0,0,0,347706,48841425,253076,94630,45475,8899,54374,8899,28223,43511,8087,32014909,183701,25048,44326,134348529,3491568,1328368,8085659,124675627,58362206,1580900,4719826,0,0,0,0,33510,10208348,0,0,0,13410957,1277131,0,0,0,377622,2879365,2132522,0,4439127,3557120,31130217,0,273588788,0,0,0,0,0,124675289,49197508,5532,667,psf__requests-1142,harness: agent loop,,
requests-620,perfect_l1d,1,100000000,32824363,,656,320,24131,23343,308,0,49197523,0,0,18948,0,18948,0,744,774,0,0,0,0,0,0,0,0,0,124675695,53098192,1001830,2856566,0,0,0,0,0,0,0,0,0,13653562,1360075,153713,36415,3021367,52140,2828975,2087733,0,776102,3592122,30682893,0,244885848,248778,0,0,14106,2354622,124675323,49197523,0,0,psf__requests-1142,harness: agent loop,,
requests-620,perfect_l2,1,100000000,33745336,,1356,800,22786,22379,0,324848,48868790,246455,78393,0,0,0,0,0,0,0,32026037,159424,0,87030,134383029,3031254,0,1603931,124675627,56220350,1500606,4471016,0,0,0,0,0,2016366,0,0,0,13329216,1253498,141685,0,1839630,92893,2862313,2107974,0,1620113,3541625,30921797,0,252623620,0,0,0,7506,1516962,124675289,49197508,0,0,psf__requests-1142,harness: agent loop,,
requests-620,perfect_llc,1,100000000,34559894,,8894,7825,22864,22423,9,344618,48845421,251747,92871,0,0,0,0,0,44606,0,32017146,183110,13839,54797,134344704,3462140,782289,3008745,124675627,57527888,1553822,4618386,0,0,0,0,0,4050790,0,0,0,13284336,1244679,143398,539,2212548,151332,2874248,2112448,0,2250812,3549247,31073152,0,258815790,1152,0,0,11904,1838082,124675289,49197508,0,0,psf__requests-1142,harness: agent loop,,
requests-620,perfect_all,1,100000000,32428694,,652,322,0,0,0,0,49197523,0,0,0,0,0,0,0,0,0,0,0,0,0,0,0,0,0,124675695,53730497,1000810,2858904,0,0,0,0,0,0,0,0,0,13809131,1405815,0,0,0,55264,2828199,2106767,0,775070,3602805,30736444,0,242588310,0,0,0,0,0,124675323,49197523,0,0,psf__requests-1142,harness: agent loop,,
requests-620,l1d_2x,1,100000000,36578692,,68224,65967,23696,22900,307,234595,48956374,161913,72682,49185,8776,57961,8776,29036,44160,8074,32107904,93277,24236,44400,134729973,1763260,1282005,8102370,124675697,57119150,1481704,4444750,0,0,0,0,52856,9735196,0,0,0,13340886,1264715,156523,19366,3384285,327346,2870037,2108692,0,4289600,3556792,31048908,0,273914222,223548,0,0,30408,2472366,124675319,49197522,5520,603,psf__requests-1142,harness: agent loop,,
requests-620,record,1,100000000,36810112,,69570,67179,23597,22811,316,346464,48842950,252463,94001,49233,8996,58229,8996,29044,45179,8187,32015805,182739,25212,44511,134342395,3472488,1336308,8033773,124675627,57673195,1582482,4718424,0,0,0,0,42872,10224800,0,0,0,13264009,1235673,156309,20813,3398704,343314,2879163,2113972,0,4506538,3548780,31082710,0,275727258,229236,0,0,29088,2470422,124675289,49197508,5561,683,psf__requests-1142,harness: agent loop,39103,100000483
requests-626,no_dpref,1,99999191,36717945,,90063,87240,65861,64253,420,991698,34929288,574989,416709,88649,0,88649,0,60105,98358,0,22808705,429962,58654,86373,96120487,7845319,3200526,13652304,109556487,71234773,2165426,5005752,0,0,0,0,295928,11354200,0,0,0,9976174,538219,423304,50368,7708015,949118,3450327,2373588,0,3318637,3655289,20027655,0,268889478,264996,0,0,46080,6062736,109556342,35956395,0,0,psf__requests-1142,harness: agent loop,,
requests-626,perfect_l1i,1,99999191,35345199,,135347,131800,0,0,0,920293,35008640,576549,343744,62306,28419,90725,28419,39318,97652,22824,22815090,433444,86254,56851,96164287,7903100,4511733,9972505,109556487,72764952,2155164,5026986,0,0,0,0,265484,9508848,0,0,0,10429141,612973,0,0,0,966796,3444093,2432654,0,2975595,3656466,20091546,0,260043058,0,0,0,0,0,109556348,35956400,18416,4685,psf__requests-1142,harness: agent loop,,
requests-626,perfect_l1d,1,99999191,31458697,,105,65,65928,64349,406,0,35956395,0,0,26684,0,26684,0,1006,1283,0,0,0,0,0,0,0,0,0,109556487,63498075,1570598,4698374,0,0,0,0,0,0,0,0,0,10103441,543099,415668,35308,6900444,211137,3355090,2322608,0,726345,3553908,19277484,0,229272662,244740,0,0,37782,5623326,109556341,35956395,0,0,psf__requests-1142,harness: agent loop,,
requests-626,perfect_l2,1,99999191,32406710,,1075,829,64596,63534,0,793726,35145139,557067,236659,0,0,0,0,0,0,0,22844506,357534,0,199533,96281059,6129039,0,3534440,109556487,68342284,1851064,4723946,0,0,0,0,0,1855586,0,0,0,10089077,546524,401724,0,5371414,323579,3403270,2360025,0,939659,3602474,19726573,0,236912318,0,0,0,21822,4464522,109556342,35956395,0,0,psf__requests-1142,harness: agent loop,,
requests-626,perfect_llc,1,99999191,33666618,,12089,10973,65147,63984,25,899705,35031023,573099,326606,0,0,0,0,0,98501,0,22820337,430131,59074,83894,96164359,7450402,3218920,4394229,109556487,70755652,2036622,4871342,0,0,0,0,0,3515514,0,0,0,10049297,542500,408369,739,6251364,453702,3432672,2371832,0,1395769,3632977,19990429,0,246252070,3720,0,0,39486,5210646,109556342,35956395,0,0,psf__requests-1142,harness: agent loop,,
requests-626,perfect_all,1,99999191,30574486,,105,65,0,0,0,0,35956395,0,0,0,0,0,0,0,0,0,0,0,0,0,0,0,0,0,109556481,65037419,1575012,4707178,0,0,0,0,0,0,0,0,0,10547626,615818,0,0,0,227395,3352670,2379298,0,729417,3560478,19355611,0,224161794,0,0,0,0,0,109556345,35956398,0,0,psf__requests-1142,harness: agent loop,,
requests-626,l1d_2x,1,99999191,35969373,,87387,84729,65906,64305,422,726531,35207691,425262,301269,66493,28361,94854,28361,40487,98591,23088,22971668,285314,83079,56869,96809778,5223671,4342037,9825265,109556487,70219686,2110794,4980846,0,0,0,0,267832,9194678,0,0,0,9993948,539558,423293,34179,7710529,860537,3439726,2369105,0,2949109,3643410,19918938,0,263124894,260454,0,0,52020,6095370,109556342,35956395,18427,4607,psf__requests-1142,harness: agent loop,,
requests-626,record,1,99999191,36288504,,87044,84286,65870,64253,427,917614,35011582,574345,343269,66694,28492,95186,28492,40508,101820,22875,22817559,429207,88091,57047,96159906,7824747,4610976,9913184,109556487,71158746,2152948,5021994,0,0,0,0,268912,9713952,0,0,0,9986873,539322,423171,52759,7797132,959697,3447650,2372738,0,3020142,3652117,20014499,0,265480112,278436,0,0,48000,6122388,109556342,35956395,18405,4723,psf__requests-1142,harness: agent loop,67939,100000367
xarray-1178,no_dpref,1,100000001,42481841,,43079,41718,259693,251855,222,2455032,41547931,1931466,523566,44510,0,44510,0,31469,95620,0,27501300,1771581,133696,26189,115345144,31608800,7209970,4501794,117390698,90934965,2238094,5214668,0,0,0,0,104954,5859700,0,0,0,9192760,391547,1468702,28749,19356423,903830,4003324,4481596,0,2160754,4545059,15042703,0,296728306,102246,0,0,238752,17139936,117390599,44090656,0,0,pydata__xarray-2905,harness start-up,,
xarray-1178,perfect_l1i,1,100000001,40137972,,67085,65247,0,0,0,2470134,41535386,1948272,521862,33673,12189,45862,12189,22238,90183,10447,27487051,1797215,127765,23292,115351439,31975837,6901088,4051154,117390698,94664789,2292228,5333400,0,0,0,0,96250,5967114,0,0,0,11057750,769353,0,0,0,981843,3991362,4598453,0,2229603,4576419,15203364,0,283118240,0,0,0,0,0,117390599,44090656,8955,1267,pydata__xarray-2905,harness start-up,,
xarray-1178,perfect_l1d,1,100000000,36903912,,29,22,260578,252778,165,0,44090654,0,0,12523,0,12523,0,472,445,0,0,0,0,0,0,0,0,0,117390698,75916367,1690648,3445428,0,0,0,0,0,0,0,0,0,9268997,391119,1456138,13626,17720534,349574,3806643,4344825,0,494009,4346038,13745985,0,255707166,123024,0,0,173298,15895944,117390598,44090656,0,0,pydata__xarray-2905,harness start-up,,
xarray-1178,perfect_l2,1,100000001,40008969,,764,601,257852,250488,0,2424212,41594618,1917118,507094,0,0,0,0,0,0,0,27531515,1698016,0,219102,115505135,30270950,0,3936425,117390698,88766760,2166286,4930266,0,0,0,0,0,2802220,0,0,0,9236645,393440,1444294,0,17036423,601437,3976303,4469460,0,1156198,4517659,14784352,0,278779070,0,0,0,161868,15366510,117390599,44090656,0,0,pydata__xarray-2905,harness start-up,,
xarray-1178,perfect_llc,1,100000001,41381676,,6231,5699,259609,251974,9,2447245,41564793,1931178,516067,0,0,0,0,0,95711,0,27510663,1771583,134055,25540,115387183,31606414,7227132,1410895,117390698,90797147,2224242,5177276,0,0,0,0,48,4599142,0,0,0,9195743,391839,1461044,202,18691275,748387,3999871,4480914,0,1651390,4541140,15024495,0,288681886,1620,0,0,236304,16770252,117390599,44090656,0,0,pydata__xarray-2905,harness start-up,,
xarray-1178,perfect_all,1,100000000,34667569,,29,22,0,0,0,0,44090654,0,0,0,0,0,0,0,0,0,0,0,0,0,0,0,0,0,117390698,79337402,1722420,3530144,0,0,0,0,0,0,0,0,0,11147091,777216,0,0,0,379173,3787837,4461982,0,515316,4369781,13883152,0,242667238,0,0,0,0,0,117390598,44090656,0,0,pydata__xarray-2905,harness start-up,,
xarray-1178,l1d_2x,1,100000000,41154386,,41274,40005,260664,252913,195,1495243,42548931,1183805,311438,34873,12137,47010,12137,22634,84395,10470,28290173,1052394,108136,23275,118681937,18826045,5807494,4061126,117390698,86986485,2065950,4806652,0,0,0,0,89786,4391798,0,0,0,9208693,390741,1470651,19844,19182347,757082,3949335,4451591,0,1765598,4489312,14737711,0,287025512,98820,0,0,230736,17003406,117390598,44090656,8913,1329,pydata__xarray-2905,harness start-up,,
xarray-1178,record,1,100000001,42436129,,40034,38712,259722,251914,184,2451827,41556423,1931561,520266,35026,12120,47146,12120,22689,98241,10375,27506492,1771133,137124,23304,115366692,31601083,7384007,4064301,117390698,90923891,2238486,5210602,0,0,0,0,90534,5785706,0,0,0,9192786,391606,1468824,20450,19367920,903979,4003097,4481416,0,2120484,4544874,15042253,0,296356718,108246,0,0,238344,17135862,117390599,44090656,8869,1296,pydata__xarray-2905,harness start-up,36018,100000120
xarray-1181,no_dpref,1,99999870,50878693,,74548,72012,179903,174998,449,2199399,40103640,1650880,548519,103296,0,103296,0,72135,148632,0,26943016,1426583,135292,89005,112766564,25646387,7257267,15014801,117247853,135797727,2187484,6131406,0,0,0,0,27936,6570172,0,0,0,10043244,462917,1111459,57912,17221738,1097484,4142795,3806716,0,3813704,4563016,21065186,0,367203020,238206,0,0,167910,14164188,117247632,42405741,0,0,pydata__xarray-2905,harness start-up,,
xarray-1181,perfect_l1i,1,99999876,48582533,,108550,105567,0,0,0,2199644,40115462,1658073,541571,78490,30009,108499,30009,50344,144735,26238,26947888,1438000,153913,66160,112836408,25812951,8172268,11949277,117247860,139679440,2219388,6213282,0,0,0,0,32612,6279586,0,0,0,11194814,689818,0,0,0,1146599,4141601,3914826,0,3689467,4603668,21261110,0,353668652,0,0,0,0,0,117247656,42405752,21026,3668,pydata__xarray-2905,harness start-up,,
xarray-1181,perfect_l1d,1,99999876,42195185,,8,6,179130,174490,337,0,42405749,0,0,23202,0,23202,0,856,1202,0,0,0,0,0,0,0,0,0,117247871,116477983,1737988,5105190,0,0,0,0,0,0,0,0,0,10091395,462390,1088873,20234,14867102,438587,3958129,3718557,0,691173,4385575,19078060,0,301931698,197100,0,0,105642,12500652,117247649,42405751,0,0,pydata__xarray-2905,harness start-up,,
xarray-1181,perfect_l2,1,99999870,45349625,,845,599,177103,173005,0,2135996,40207872,1625763,510233,0,0,0,0,0,0,0,27008962,997935,0,627828,113066025,17905436,0,11202509,117247853,131292817,2125080,6029044,0,0,0,0,3944,2601158,0,0,0,10054679,463278,1074730,0,13519446,658525,4098049,3786554,0,1379065,4523370,20547787,0,326200578,0,0,0,87552,11438100,117247632,42405741,0,0,pydata__xarray-2905,harness start-up,,
xarray-1181,perfect_llc,1,99999870,47498863,,10818,9795,178695,174356,31,2181140,40145204,1648702,532438,0,0,0,0,0,148832,0,26968499,1426475,135850,86377,112870955,25550065,7278512,4691487,117247853,135456909,2166336,6090894,0,0,0,0,0,4268890,0,0,0,10046676,463440,1091716,1064,15385699,790701,4138548,3805392,0,2036214,4558217,21027740,0,342093740,4566,0,0,135678,12962100,117247632,42405741,0,0,pydata__xarray-2905,harness start-up,,
xarray-1181,perfect_all,1,99999872,40335660,,16,10,0,0,0,0,42405743,0,0,0,0,0,0,0,0,0,0,0,0,0,0,0,0,0,117247835,119976771,1749776,5140386,0,0,0,0,0,0,0,0,0,11259895,694489,0,0,0,452860,3949576,3824538,0,701407,4417626,19264349,0,291277438,0,0,0,0,0,117247640,42405745,0,0,pydata__xarray-2905,harness start-up,,
xarray-1181,l1d_2x,1,99999876,49576425,,68523,66224,180367,175415,436,1415411,40926496,1041765,373646,82276,29782,112058,29782,51827,144623,26522,27590996,831431,144200,66134,115519298,15002329,7701861,11831654,117247955,132142459,2047156,5908456,0,0,0,0,39674,5034396,0,0,0,10058173,463623,1111912,44825,17156848,1003673,4108918,3790084,0,3361223,4522712,20728533,0,357391514,247008,0,0,166422,14127888,117247666,42405754,21224,3229,pydata__xarray-2905,harness start-up,,
xarray-1181,record,1,99999870,50676097,,69219,66776,179902,174975,464,2189781,40126794,1649910,539871,82508,30171,112679,30171,52022,152630,26536,26957522,1425072,158187,66651,112827064,25616274,8436264,12056386,117247853,135753028,2184790,6127578,0,0,0,0,28356,6226502,0,0,0,10043759,463068,1111754,51679,17274316,1088945,4143311,3806607,0,3655339,4561528,21064439,0,365596770,269136,0,0,167022,14179488,117247632,42405741,21269,3496,pydata__xarray-2905,harness start-up,73854,100000363
xarray-1498,no_dpref,1,99996625,37288491,,88739,86133,83155,81061,465,971750,40359234,681835,289915,81434,0,81434,0,51619,89843,0,26402017,546134,55572,80129,111666217,9795054,3061891,13383621,112786868,66520707,2452066,5802518,0,0,0,0,146448,12268446,0,0,0,9739394,450570,506860,80457,8875686,1026770,3571878,2688201,0,3847093,3685429,19464412,0,270093380,320970,0,0,63228,7132692,112786752,41363057,0,0,pydata__xarray-2905,harness: agent loop,,
xarray-1498,perfect_l1i,1,99996625,35943500,,139008,135524,0,0,0,956310,40379005,683956,272354,65515,19307,84822,19307,40331,88767,16145,26404227,549551,69962,64443,111695926,9831405,3773446,11386068,112786868,68179110,2459534,5831548,0,0,0,0,122042,11098790,0,0,0,10302510,558788,0,0,0,1067946,3559612,2754512,0,3602982,3684031,19565026,0,261866820,0,0,0,0,0,112786752,41363057,10828,2470,pydata__xarray-2905,harness: agent loop,,
xarray-1498,perfect_l1d,1,99996625,31692081,,29,10,83699,81672,425,0,41363056,0,0,27119,0,27119,0,1040,1390,0,0,0,0,0,0,0,0,0,112786868,58030697,1895810,5481672,0,0,0,0,0,0,0,0,0,9827940,461522,497347,43230,7843668,360272,3484009,2641354,0,903002,3602450,18566272,0,228163790,298158,0,0,44670,6546144,112786752,41363057,0,0,pydata__xarray-2905,harness: agent loop,,
xarray-1498,perfect_l2,1,99996625,32948790,,1093,852,81931,80470,0,895981,40447717,668574,227407,0,0,0,0,0,0,0,26427992,443691,0,224883,111795316,7882235,0,4081983,112786868,63616947,2246172,5715478,0,0,0,0,2176,2798458,0,0,0,9806568,456495,483371,0,6221183,524003,3542954,2672192,0,1309067,3651767,19120456,0,238114068,0,0,0,30180,5341146,112786752,41363057,0,0,pydata__xarray-2905,harness: agent loop,,
xarray-1498,perfect_llc,1,99996625,34252464,,12244,11232,82407,80800,31,945390,40391879,680464,264926,0,0,0,0,0,89942,0,26409673,546643,55810,78011,111700051,9757000,3072431,4218694,112786868,66150550,2375136,5728042,0,0,0,0,2576,4664284,0,0,0,9772926,452804,490260,931,7210224,663947,3567548,2685902,0,1836376,3678698,19412060,0,247722514,5970,0,0,52332,6174078,112786752,41363057,0,0,pydata__xarray-2905,harness: agent loop,,
xarray-1498,perfect_all,1,99996625,30675187,,60,29,0,0,0,0,41363056,0,0,0,0,0,0,0,0,0,0,0,0,0,0,0,0,0,112786868,59641566,1897162,5503576,0,0,0,0,0,0,0,0,0,10395719,571837,0,0,0,378401,3471396,2706144,0,905109,3599687,18678309,0,222277084,0,0,0,0,0,112786752,41363057,0,0,pydata__xarray-2905,harness: agent loop,,
xarray-1498,l1d_2x,1,99996625,36627484,,78481,76006,83519,81429,454,653645,40689044,436199,217446,70289,19459,89748,19459,41828,91168,16586,26659358,303789,67388,65022,112759202,5458817,3627016,11455996,112786868,65345580,2362854,5763330,0,0,0,0,122042,10485154,0,0,0,9749657,450306,508143,63000,8887116,960198,3561561,2684321,0,3470398,3673342,19353329,0,265115262,329886,0,0,61494,7154382,112786752,41363057,10958,2479,pydata__xarray-2905,harness: agent loop,,
xarray-1498,record,1,99996625,37024983,,85104,82606,83177,81088,461,953893,40381967,681394,272499,70518,19674,90192,19674,41934,93887,16515,26407334,544445,71901,65048,111686178,9765555,3873132,11440945,112786868,66465817,2446704,5803902,0,0,0,0,131840,11151460,0,0,0,9743393,450717,507068,59746,8937726,1051839,3571707,2687354,0,3637576,3684486,19453981,0,268043912,363150,0,0,65670,7152186,112786752,41363057,11088,2435,pydata__xarray-2905,harness: agent loop,56126,100000216
xarray-1503,no_dpref,1,100000002,40627205,,98057,95545,34991,34002,327,1314516,38608808,717304,597212,232207,0,232207,0,209268,257203,0,25104359,255948,119160,342196,105858536,5007105,6319550,80192821,114934360,57432519,3297702,9592960,0,0,0,0,513092,48405024,0,0,0,9568883,664691,216639,29978,4885474,585634,3008868,1860306,0,9035004,3317227,21248279,0,306463236,311760,0,0,41772,3617016,114933927,39955980,0,0,pydata__xarray-2905,harness: agent loop,,
xarray-1503,perfect_l1i,1,100000002,38230830,,172407,169121,0,0,0,1205608,38727504,708628,496980,96275,147678,243953,147678,86764,322083,100151,25122823,256359,286031,166238,105957354,5048845,15220715,56436443,114934360,58297381,3255236,9030272,0,0,0,0,471538,37018438,0,0,0,9896628,707616,0,0,0,569897,2971598,1879982,0,7112077,3268368,21440707,0,288672578,0,0,0,0,0,114933913,39955979,87763,45917,pydata__xarray-2905,harness: agent loop,,
xarray-1503,perfect_l1d,1,100000002,30472742,,139,70,35239,34308,281,0,39955983,0,0,17872,0,17872,0,698,689,0,0,0,0,0,0,0,0,0,114934360,53272512,2528142,6040248,0,0,0,0,0,0,0,0,0,10090384,699404,208984,19832,3543246,102781,2944048,1834867,0,1013730,3263639,21179965,0,226703284,210498,0,0,19656,2894496,114933939,39955985,0,0,pydata__xarray-2905,harness: agent loop,,
xarray-1503,perfect_l2,1,100000002,31842524,,1275,937,33934,33369,0,1041065,38901942,666322,374743,0,0,0,0,0,0,0,25175024,224733,0,441589,106161438,3983879,0,11153248,114934360,56165853,3013422,7916262,0,0,0,0,792904,3972832,0,0,0,9897442,658653,197562,0,2476745,173401,2961443,1850253,0,1817757,3253838,21280944,0,237878946,0,0,0,12942,2119452,114933913,39955979,0,0,pydata__xarray-2905,harness: agent loop,,
xarray-1503,perfect_llc,1,100000002,33892089,,12848,11721,34063,33472,11,1189744,38744890,711120,478624,0,0,0,0,0,257296,0,25121853,255935,120695,334490,105937963,4590833,6378742,21481196,114934360,57353758,3229006,9080914,0,0,0,0,605624,13378328,0,0,0,9672624,652186,200052,215,2923168,250091,2975306,1858863,0,3685488,3263115,21376747,0,254039736,1590,0,0,18180,2504016,114933913,39955979,0,0,pydata__xarray-2905,harness: agent loop,,
xarray-1503,perfect_all,1,100000002,30027267,,139,70,0,0,0,0,39955983,0,0,0,0,0,0,0,0,0,0,0,0,0,0,0,0,0,114934360,54037474,2529766,6052846,0,0,0,0,0,0,0,0,0,10364799,764916,0,0,0,104900,2934291,1855248,0,1016979,3263576,21248943,0,224136326,0,0,0,0,0,114933939,39955985,0,0,pydata__xarray-2905,harness: agent loop,,
xarray-1503,l1d_2x,1,100000002,38512851,,96157,93784,35319,34305,329,1081866,38853911,609953,471913,101343,147072,248415,147072,88866,322319,101182,25224163,158293,285542,166118,106368636,3077123,15197431,56369456,114934360,56994169,3197200,8920104,0,0,0,0,460328,36390142,0,0,0,9668227,655428,216676,31827,4860868,481303,2972987,1856984,0,6799836,3268629,21358368,0,289765320,311538,0,0,47742,3607956,114933913,39955979,87759,44894,pydata__xarray-2905,harness: agent loop,,
xarray-1503,record,1,100000002,38701628,,95400,92947,35021,34026,327,1204607,38728712,707857,496750,101183,148334,249517,148334,88376,324339,101600,25123801,255227,286794,165836,105948017,4994863,15261467,56470482,114934360,57425189,3259404,9024806,0,0,0,0,446460,36857876,0,0,0,9633746,646574,215702,36721,4856311,481603,2978655,1858754,0,7037309,3264364,21384736,0,291243656,308184,0,0,38544,3609138,114933913,39955979,87892,45149,pydata__xarray-2905,harness: agent loop,142543,100000707
xarray-1511,no_dpref,1,100000006,318221250,,81934,79379,507,452,33,7271288,30559910,6843638,427650,3591050,0,3591050,0,3584182,3767652,0,20860064,459906,313813,6069918,87455060,8887929,17823289,1000555736,123194579,194670113,6048748,38925378,0,0,0,0,42128,1005833382,0,0,0,9331861,625147,8083,1837,587824,1209113,1555383,1335962,0,190404155,1332366,63475303,0,2537215110,47400,0,0,2118,280458,123194572,37991829,0,0,pydata__xarray-2905,harness exit,,
xarray-1511,perfect_l1i,1,100000006,297279324,,94788,91973,0,0,0,7191346,30644514,6766476,424870,2931923,1629414,4561337,1629414,2943550,3833715,1507971,20941888,458658,1634945,4672872,87750498,8861167,85861664,812172198,123194579,192451422,5882030,36940144,0,0,0,0,42572,925145168,0,0,0,9371651,625513,0,0,0,1067146,1550821,1346931,0,174422124,1330546,62490130,0,2369908620,0,0,0,0,0,123194572,37991829,599914,97605,pydata__xarray-2905,harness exit,,
xarray-1511,perfect_l1d,1,100000000,42220468,,191,64,447,387,37,0,37991830,0,0,4494,0,4494,0,172,170,0,0,0,0,0,0,0,0,0,123194579,106003730,2832256,30464508,0,0,0,0,0,0,0,0,0,9941046,871312,4591,1736,254694,16698,1226222,1433497,0,2397023,1042006,44614231,0,331058534,40380,0,0,1590,184752,123194577,37991830,0,0,pydata__xarray-2905,harness exit,,
xarray-1511,perfect_l2,1,100000006,67345092,,1920,1484,364,362,0,6663401,31231504,6361164,302237,0,0,0,0,0,0,0,21406245,362934,0,5998229,90358413,6978891,0,113706148,123194579,153452400,3497872,22532818,0,0,0,0,0,98695930,0,0,0,9906544,800258,2695,0,40992,100738,1360510,1422461,0,8574041,1168935,54556856,0,531820440,0,0,0,54,32628,123194572,37991829,0,0,pydata__xarray-2905,harness exit,,
xarray-1511,perfect_llc,1,100000006,134233710,,12726,11514,426,419,1,7176884,30673229,6791840,385044,0,0,0,0,0,3767723,0,20930777,464359,322450,6005030,88186294,8962751,18178145,329686387,123194579,192117090,5309186,31044868,0,0,0,0,0,343643174,0,0,0,9572211,671971,3280,6,109302,375882,1520192,1375952,0,61973654,1315979,63179724,0,1066473554,336,0,0,198,89328,123194572,37991829,0,0,pydata__xarray-2905,harness exit,,
xarray-1511,perfect_all,1,100000000,42183757,,191,64,0,0,0,0,37991830,0,0,0,0,0,0,0,0,0,0,0,0,0,0,0,0,0,123194579,106044145,2832174,30464646,0,0,0,0,0,0,0,0,0,9942741,871482,0,0,0,16707,1226685,1434781,0,2397002,1042503,44613998,0,330841938,0,0,0,0,0,123194577,37991830,0,0,pydata__xarray-2905,harness exit,,
xarray-1511,l1d_2x,1,100000006,296978718,,65758,63401,504,445,37,7070483,30768887,6653655,416828,2930189,1627114,4557303,1627114,2941027,3828486,1510423,21058219,353892,1631165,4668597,88251402,6819032,85617257,811974769,123194579,191791474,5887066,36946430,0,0,0,0,39584,924731804,0,0,0,9359945,625675,8133,1974,544116,1100152,1551556,1343394,0,174666640,1328232,62393696,0,2367394864,68178,0,0,2250,257772,123194572,37991829,598731,97769,pydata__xarray-2905,harness exit,,
xarray-1511,record,1,100000006,297367422,,74033,71630,507,448,39,7191876,30644084,6766788,425088,2933141,1630133,4563274,1630133,2943878,3833452,1508621,20941676,458671,1634799,4673317,87747281,8863128,85825118,811980557,123194579,192381164,5886214,36957346,0,0,0,0,39208,925172614,0,0,0,9365108,628102,8131,8201,540755,1113431,1547198,1343617,0,174348522,1330517,62474064,0,2370479086,51126,0,0,1392,261894,123194572,37991829,599797,97584,pydata__xarray-2905,harness exit,1308444,100000023
sphinx-377,no_dpref,1,100000003,42226343,,48109,46577,260686,253375,288,2437709,41576433,1933709,504000,42606,0,42606,0,29918,86635,0,27509767,1789738,119977,23994,115448720,31915987,6438876,4154934,117350543,90715866,2199336,5079390,0,0,0,0,95652,5389884,0,0,0,9138025,391481,1475552,19104,19235476,881990,4007217,4450626,0,2051075,4598881,15485716,0,294837020,111756,0,0,237150,17017134,117350168,44095927,0,0,sphinx-doc__sphinx-8459,harness start-up,,
sphinx-377,perfect_l1i,1,100000003,39905145,,74758,72862,0,0,0,2454582,41561407,1951426,503156,32127,11437,43564,11437,20952,82053,9871,27493897,1815574,114390,21462,115431230,32249189,6143337,3871804,117350543,94369338,2250016,5214506,0,0,0,0,85686,5454294,0,0,0,11045339,770561,0,0,0,939992,3983365,4580923,0,2089702,4622402,15645003,0,281362508,0,0,0,0,0,117350168,44095927,8612,1175,sphinx-doc__sphinx-8459,harness start-up,,
sphinx-377,perfect_l1d,1,100000006,36874523,,0,0,260561,253318,169,0,44095925,0,0,12358,0,12358,0,462,442,0,0,0,0,0,0,0,0,0,117350543,75641824,1664688,3415542,0,0,0,0,0,0,0,0,0,9209657,389781,1457482,6605,17793338,352968,3806528,4304518,0,514565,4395066,13950425,0,255530296,122178,0,0,157896,15981696,117350166,44095925,0,0,sphinx-doc__sphinx-8459,harness start-up,,
sphinx-377,perfect_l2,1,100000003,39967457,,839,694,258623,251908,0,2406543,41624460,1920360,486183,0,0,0,0,0,0,0,27539977,1588931,0,331429,115611978,28404985,0,5821458,117350543,88487865,2119788,4918382,0,0,0,0,0,2716198,0,0,0,9176960,393626,1449493,0,17120035,609957,3976699,4431723,0,1221953,4561879,15187109,0,278575648,0,0,0,145296,15455760,117350168,44095927,0,0,sphinx-doc__sphinx-8459,harness start-up,,
sphinx-377,perfect_llc,1,100000003,41204047,,6916,6323,260507,253530,23,2430655,41592815,1933769,496886,0,0,0,0,0,86660,0,27519035,1790186,120173,23410,115487930,31922069,6449004,1294886,117350543,90564006,2186336,5038072,0,0,0,0,16,4287846,0,0,0,9142633,392063,1466916,88,18552756,735048,4003798,4448697,0,1602401,4593609,15472764,0,287446384,2814,0,0,231804,16643448,117350168,44095927,0,0,sphinx-doc__sphinx-8459,harness start-up,,
sphinx-377,perfect_all,1,100000006,34637559,,0,0,0,0,0,0,44095925,0,0,0,0,0,0,0,0,0,0,0,0,0,0,0,0,0,117350543,79096921,1685646,3482740,0,0,0,0,0,0,0,0,0,11139720,778864,0,0,0,378213,3776169,4431089,0,525837,4418499,14105664,0,242491196,0,0,0,0,0,117350166,44095925,0,0,sphinx-doc__sphinx-8459,harness start-up,,
sphinx-377,l1d_2x,1,100000003,40932323,,46970,45575,261670,254422,205,1476288,42576252,1175393,300895,33332,11425,44757,11425,21359,76209,9885,28306481,1058426,95285,21682,118809932,18943679,5092521,3795417,117350543,86839452,2020296,4739670,0,0,0,0,83268,3969642,0,0,0,9152252,392502,1477119,14014,19077549,740499,3954299,4412922,0,1674324,4547554,15098624,0,285341470,93384,0,0,234036,16903416,117350168,44095927,8632,1193,sphinx-doc__sphinx-8459,harness start-up,,
sphinx-377,record,1,100000003,42186652,,47360,45874,260661,253431,208,2434809,41584918,1933871,500938,33391,11448,44839,11448,21359,89157,9855,27515190,1789322,122950,21599,115468925,31908784,6585149,3770376,117350543,90710556,2198368,5073634,0,0,0,0,69362,5264692,0,0,0,9139685,391619,1475181,19648,19224279,869958,4007246,4450507,0,2042343,4598852,15484388,0,294541672,98874,0,0,237702,17014440,117350168,44095927,8595,1208,sphinx-doc__sphinx-8459,harness start-up,34360,100000671
sphinx-381,no_dpref,1,100000004,41000783,,10610,10425,468,423,26,888791,38350278,418140,470651,254536,0,254536,0,252168,318206,0,25523725,106766,82989,228385,106962094,2105646,4736709,67916844,114760469,52211206,1898488,8817768,0,0,0,0,16052480,27714204,0,0,0,8529237,118746,3814,4773,224067,1874789,4090454,3804312,0,6060554,4756135,20792731,0,291530624,40278,0,0,1434,127230,114760265,39306643,0,0,sphinx-doc__sphinx-8459,harness start-up,,
sphinx-381,perfect_l1i,1,100000004,38939430,,17526,17262,0,0,0,879893,38381079,416002,463891,88341,171681,260022,171681,169247,336303,66034,25547766,106497,166102,143403,107065963,2102205,8989461,56501996,114760469,51943657,1868942,8776028,0,0,0,0,16092568,24480946,0,0,0,8546585,119795,0,0,0,1279334,4091111,3808239,0,2970455,4754262,20686122,0,276391224,0,0,0,0,0,114760265,39306643,62713,104292,sphinx-doc__sphinx-8459,harness start-up,,
sphinx-381,perfect_l1d,1,100000004,29216889,,0,0,445,403,24,0,39306637,0,0,1639,0,1639,0,65,63,0,0,0,0,0,0,0,0,0,114760469,41942783,1190830,3906772,0,0,0,0,0,0,0,0,0,8644808,147548,3109,1355,135906,547641,3993947,3787768,0,189456,4708264,16709274,0,202697538,35616,0,0,1056,89016,114760255,39306639,0,0,sphinx-doc__sphinx-8459,harness start-up,,
sphinx-381,perfect_l2,1,100000004,31695945,,217,199,354,342,0,840316,38444368,398752,441564,0,0,0,0,0,0,0,25588728,99551,0,299201,107268621,2022761,0,11728091,114760469,46148083,1338196,7989586,0,0,0,0,6202400,3062416,0,0,0,8648045,135525,2209,0,32256,602188,4022168,3804255,0,233431,4710609,18730443,0,222395102,0,0,0,468,28158,114760276,39306646,0,0,sphinx-doc__sphinx-8459,harness start-up,,
sphinx-381,perfect_llc,1,100000004,33283519,,1239,1160,357,340,2,883144,38379802,419891,463253,0,0,0,0,0,318206,0,25545851,107833,83915,228143,107059728,2165180,4785050,18917026,114760469,51738791,1791486,8510696,0,0,0,0,5397768,4101128,0,0,0,8536844,125501,2281,1008,51630,770650,4080687,3811381,0,840573,4706958,20809207,0,234592288,672,0,0,696,45336,114760273,39306645,0,0,sphinx-doc__sphinx-8459,harness start-up,,
sphinx-381,perfect_all,1,100000004,29196909,,0,0,0,0,0,0,39306637,0,0,0,0,0,0,0,0,0,0,0,0,0,0,0,0,0,114760469,41958800,1190772,3909776,0,0,0,0,0,0,0,0,0,8647247,147993,0,0,0,547740,3993984,3787558,0,189574,4707984,16710263,0,202580340,0,0,0,0,0,114760255,39306639,0,0,sphinx-doc__sphinx-8459,harness start-up,,
sphinx-381,l1d_2x,1,100000004,38959850,,7989,7829,477,431,27,870158,38390795,409682,460476,91310,171138,262448,171138,170769,332656,68855,25554067,102776,164025,142881,107089691,2030144,8876170,57146699,114760469,51713851,1866564,8771410,0,0,0,0,16048704,24936076,0,0,0,8542558,119882,3895,4203,232101,1254508,4088612,3807586,0,3002022,4751912,20596150,0,276471542,42930,0,0,1356,124812,114760273,39306645,63384,101421,sphinx-doc__sphinx-8459,harness start-up,,
sphinx-381,record,1,100000004,38972767,,8341,8171,471,428,25,879846,38381145,415992,463854,90659,171116,261775,171116,170651,335809,66928,25547795,105980,166494,143518,107064882,2093112,9012086,56644031,114760469,51920969,1867298,8778186,0,0,0,0,16128552,24560180,0,0,0,8543546,119407,3872,6075,247845,1249904,4090969,3808352,0,3037086,4754325,20685306,0,276624046,40530,0,0,1236,149112,114760273,39306645,62758,102833,sphinx-doc__sphinx-8459,harness start-up,169256,100000369
sphinx-736,no_dpref,1,99999540,54558090,,59926,54555,187896,183619,622,2548930,40165454,1768971,779959,186165,0,186165,0,141932,253529,0,26512204,1308120,195407,265444,109897174,24367371,10750848,40385121,124027338,152909589,1504524,5894034,0,0,0,0,980890,13007282,0,0,0,10848158,657597,1115180,99252,17938201,1009554,3771053,3443751,0,3710692,4018925,34580961,0,401616422,395088,0,0,140058,14856006,124027334,42903690,0,0,sphinx-doc__sphinx-8459,tool execution: python,,
sphinx-736,perfect_l1i,1,99999540,51556543,,96395,89159,0,0,0,2523455,40240919,1770557,752898,85173,112598,197771,112598,55961,309155,82489,26560608,1313983,263526,193048,110172636,24436652,14019874,32048331,124027338,156609163,1482182,5859122,0,0,0,0,944968,11520374,0,0,0,11903105,933720,0,0,0,1018981,3739773,3563872,0,3426330,4060816,34856894,0,382871914,0,0,0,0,0,124027334,42903690,76296,24382,sphinx-doc__sphinx-8459,tool execution: python,,
sphinx-736,perfect_l1d,1,99999540,46178065,,1976,177,188007,183939,463,0,42903691,0,0,32996,0,32996,0,1124,1836,0,0,0,0,0,0,0,0,0,124027338,133788103,1212352,4591522,0,0,0,0,0,0,0,0,0,10899316,667823,1094064,36116,15210050,396729,3616428,3357450,0,606539,3866476,31990707,0,337724450,317130,0,0,82446,12899268,124027338,42903691,0,0,sphinx-doc__sphinx-8459,tool execution: python,,
sphinx-736,perfect_l2,1,99999540,49358899,,9022,5022,185700,182294,0,2429255,40390695,1728462,700793,0,0,0,0,0,0,0,26658279,987788,0,740674,110544018,18302126,0,13459041,124027338,149156497,1344494,4954452,0,0,0,0,9480,3988018,0,0,0,10892154,660610,1076269,0,13301561,565387,3733039,3431244,0,1168757,3979484,34120338,0,362710904,0,0,0,63318,11466654,124027334,42903690,0,0,sphinx-doc__sphinx-8459,tool execution: python,,
sphinx-736,perfect_llc,1,99999540,51652484,,16296,11201,186483,182927,35,2508334,40268359,1764166,744168,0,0,0,0,0,253904,0,26579318,1307895,196348,259923,110187257,24283825,10794008,13542509,124027338,152686274,1441814,5414230,0,0,0,0,5168,7572732,0,0,0,10856784,658438,1092573,1235,15462012,706748,3765407,3444099,0,1942637,4011319,34544671,0,379838480,4740,0,0,109860,13224468,124027334,42903690,0,0,sphinx-doc__sphinx-8459,tool execution: python,,
sphinx-736,perfect_all,1,99999540,44227247,,2921,208,0,0,0,0,42903691,0,0,0,0,0,0,0,0,0,0,0,0,0,0,0,0,0,124027338,137113881,1219808,4627368,0,0,0,0,0,0,0,0,0,11958999,948448,0,0,0,416000,3585724,3471412,0,614458,3912493,32246587,0,326571180,0,0,0,0,0,124027338,42903691,0,0,sphinx-doc__sphinx-8459,tool execution: python,,
sphinx-736,l1d_2x,1,99999540,52868213,,50323,45445,188541,184147,647,1939977,40848011,1307850,632127,92349,111365,203714,111365,58994,311301,82946,27046928,861687,251452,194711,112135122,15951607,13336672,32264501,124027338,149222094,1399064,5745656,0,0,0,0,939526,10896300,0,0,0,10860138,660951,1117302,85503,17845251,879216,3740283,3424160,0,3211960,3982801,34054102,0,388651120,384258,0,0,137082,14820756,124027338,42903691,76205,24305,sphinx-doc__sphinx-8459,tool execution: python,,
sphinx-736,record,1,99999540,53804576,,53494,47984,187906,183590,639,2515243,40251337,1764828,750415,91775,112428,204203,112428,58872,319759,81930,26568543,1302971,266773,195084,110143720,24205446,14180105,32401151,124027338,152772328,1464034,5803536,0,0,0,0,930018,11546068,0,0,0,10850237,658134,1115402,100397,17886028,955009,3767908,3443404,0,3431199,4015061,34576730,0,395717906,391704,0,0,147132,14830044,124027334,42903690,75711,24798,sphinx-doc__sphinx-8459,tool execution: python,135042,100000009
sphinx-793,no_dpref,1,99999540,61811235,,48184,44201,176066,171755,640,3010097,39765434,2278263,731834,210659,0,210659,0,167184,417531,0,26198744,1474558,455768,347933,108710328,27598404,25200950,53783451,124280663,163449018,1555332,8528762,0,0,0,0,427716,36895206,0,0,0,11899351,682545,1049855,111214,17069426,888544,3614938,3326968,0,7745040,3920835,36745939,0,460775766,353508,0,0,142104,14067552,124280624,42945501,0,0,sphinx-doc__sphinx-8459,tool execution: python,,
sphinx-793,perfect_l1i,1,99999540,58251131,,81991,76334,0,0,0,2986571,39830670,2279170,707401,104736,130665,235401,130665,72354,476700,99524,26239562,1479304,555098,244768,108941627,27709728,30289714,40313656,124280515,166940616,1546174,8432804,0,0,0,0,402772,33377032,0,0,0,12856770,946953,0,0,0,902819,3597266,3453290,0,6854082,3959636,36992336,0,437301902,0,0,0,0,0,124280513,42945457,87921,22779,sphinx-doc__sphinx-8459,tool execution: python,,
sphinx-793,perfect_l1d,1,99999542,46944537,,1801,131,175903,171904,431,0,42945424,0,0,32759,0,32759,0,1117,1825,0,0,0,0,0,0,0,0,0,124280513,137011854,1205930,7238716,0,0,0,0,0,0,0,0,0,12033995,697917,1029643,46818,14521677,385498,3435082,3231618,0,774069,3741011,32940158,0,344941120,299682,0,0,82374,12228024,124280427,42945425,0,0,sphinx-doc__sphinx-8459,tool execution: python,,
sphinx-793,perfect_l2,1,99999540,52233620,,4662,1882,173578,170194,0,2885449,39980715,2226671,658778,0,0,0,0,0,0,0,26340994,1109727,0,1116943,109361618,20622380,0,20552895,124280508,156343460,1317642,7446190,0,0,0,0,6040,13886854,0,0,0,12027184,691025,1010635,0,12606450,527547,3563609,3308021,0,2127157,3868190,35771393,0,386809008,0,0,0,60816,10779858,124280425,42945425,0,0,sphinx-doc__sphinx-8459,tool execution: python,,
sphinx-793,perfect_llc,1,99999540,57061819,,10433,6935,174499,170899,58,2973838,39854659,2274663,699175,0,0,0,0,0,417939,0,26255335,1474391,458252,342019,108966641,27587204,25308065,18204772,124280508,163247157,1485520,8005746,0,0,0,0,8256,25644678,0,0,0,11931762,683108,1026932,1640,14624398,660671,3610532,3328411,0,4183965,3915557,36720782,0,424230946,8490,0,0,105540,12419778,124280425,42945425,0,0,sphinx-doc__sphinx-8459,tool execution: python,,
sphinx-793,perfect_all,1,99999542,45090932,,2604,157,0,0,0,0,42945424,0,0,0,0,0,0,0,0,0,0,0,0,0,0,0,0,0,124280513,140278163,1213702,7270572,0,0,0,0,0,0,0,0,0,12990674,967645,0,0,0,404858,3415185,3354578,0,775092,3779742,33182384,0,334348034,0,0,0,0,0,124280427,42945425,0,0,sphinx-doc__sphinx-8459,tool execution: python,,
sphinx-793,l1d_2x,1,99999540,59290002,,37089,33623,176396,172039,635,2399402,40441292,1809694,589708,111470,129437,240907,129437,75035,472130,101554,26732492,1026966,537064,245664,110946517,19211414,29265274,40830177,124280513,159472604,1456666,8296338,0,0,0,0,403028,32207940,0,0,0,11916490,683752,1050566,69772,17044040,815344,3583632,3308836,0,6616960,3887381,36176708,0,441126188,369804,0,0,138912,14059452,124280513,42945457,89260,21876,sphinx-doc__sphinx-8459,tool execution: python,,
sphinx-793,record,1,99999540,60382754,,42865,39159,176127,171802,645,2979699,39839279,2274318,705381,111743,131149,242892,131149,75412,485523,100506,26246160,1469776,558398,246143,108920861,27515390,30472220,40712965,124280513,163239243,1518956,8381800,0,0,0,0,422740,33402924,0,0,0,11902099,683090,1050448,85754,17099057,844578,3613083,3327364,0,6920191,3918031,36733352,0,449444776,352674,0,0,138030,14112756,124280445,42945433,88470,22427,sphinx-doc__sphinx-8459,tool execution: python,120849,100000081
sphinx-681,no_dpref,1,100000002,31959362,,33894,32981,21815,21432,140,691280,39667720,410222,281058,88978,0,88978,0,78218,130386,0,26214502,235366,91195,83661,110829060,4848958,4934996,13494187,110810150,42094088,1656660,4344804,0,0,0,0,614776,22522820,0,0,0,11840088,670705,124131,35492,2497973,387382,3498170,2381072,0,3131046,3850952,20804988,0,234856148,142650,0,0,7938,1935174,110809723,40393168,0,0,sphinx-doc__sphinx-8459,harness: agent loop,,
sphinx-681,perfect_l1i,1,100000002,31149050,,58703,57348,0,0,0,641965,39729324,409533,232432,46772,48087,94859,48087,44112,134693,36435,26227480,235136,125280,49117,110918694,4749608,6740776,9146762,110810150,42531540,1596148,4272670,0,0,0,0,544708,19319704,0,0,0,12111165,707267,0,0,0,318842,3494651,2393576,0,2733981,3842446,20849505,0,229050968,0,0,0,0,0,110809723,40393168,31963,9741,sphinx-doc__sphinx-8459,harness: agent loop,,
sphinx-681,perfect_l1d,1,100000002,27639618,,29,1,22445,22100,114,0,40393168,0,0,9314,0,9314,0,353,337,0,0,0,0,0,0,0,0,0,110810150,39197762,951106,3443540,0,0,0,0,0,0,0,0,0,12092501,694414,122598,4910,2326860,6750,3469039,2374234,0,538557,3792022,20400084,0,201200808,136128,0,0,6972,1944642,110809722,40393168,0,0,sphinx-doc__sphinx-8459,harness: agent loop,,
sphinx-681,perfect_l2,1,100000002,28257220,,166,109,22078,21856,3,565670,39815843,398973,166697,0,0,0,0,0,0,0,26248264,237058,0,161915,110975105,4260087,0,3004020,110810150,41101999,1131914,3252158,0,0,0,0,488,2629174,0,0,0,12116088,691610,118789,552,1776471,11810,3486801,2383447,0,680998,3817293,20654424,0,206186488,306,0,0,5550,1556232,110809723,40393168,0,0,sphinx-doc__sphinx-8459,harness: agent loop,,
sphinx-681,perfect_llc,1,100000002,29223048,,3796,3465,22062,21831,9,633349,39739291,410587,222762,0,0,0,0,0,130393,0,26227777,236710,93172,80705,110870949,4334265,4916143,4416838,110810150,41680187,1410762,3925146,0,0,0,0,48,7436604,0,0,0,12002987,680326,119229,1120,1881285,37986,3494671,2382297,0,1340529,3840444,20731798,0,213834390,1854,0,0,5586,1652304,110809723,40393168,0,0,sphinx-doc__sphinx-8459,harness: agent loop,,
sphinx-681,perfect_all,1,100000002,27341962,,29,1,0,0,0,0,40393168,0,0,0,0,0,0,0,0,0,0,0,0,0,0,0,0,0,110810150,39584400,953136,3446832,0,0,0,0,0,0,0,0,0,12335827,729948,0,0,0,6841,3465642,2384974,0,537173,3787279,20448423,0,199468114,0,0,0,0,0,110809722,40393168,0,0,sphinx-doc__sphinx-8459,harness: agent loop,,
sphinx-681,l1d_2x,1,100000002,31293642,,29768,28906,21937,21554,139,565508,39807780,345050,220458,49412,47403,96815,47403,44621,132542,36537,26293962,174255,121811,48984,111181924,3588660,6527006,9029599,110810150,41717689,1594982,4350620,0,0,0,0,568304,18824976,0,0,0,11886888,672865,124492,27796,2530221,321181,3492895,2379435,0,2720085,3845344,20737311,0,229626420,159696,0,0,8040,1954140,110809723,40393168,31746,9453,sphinx-doc__sphinx-8459,harness: agent loop,,
sphinx-681,record,1,100000002,31391677,,31059,30154,21924,21532,146,641549,39729883,409123,232426,49055,48348,97403,48348,44377,134997,36514,26228033,235295,125121,48707,110885283,4789665,6704867,9006926,110810150,42036335,1606720,4270860,0,0,0,0,578328,19161264,0,0,0,11883014,672679,124431,30290,2533929,320383,3496633,2380985,0,2730283,3847648,20799727,0,230406902,160242,0,0,10068,1946256,110809723,40393168,31990,9912,sphinx-doc__sphinx-8459,harness: agent loop,71493,100000776
sphinx-693,no_dpref,1,100000000,118378840,,76350,74613,1066,953,75,6077369,33521085,4943286,1134083,912354,0,912354,0,903837,1612824,0,22355467,1465912,1264804,2212570,92941569,27827087,72494977,381072930,120764228,110003908,9842172,15871840,0,0,0,0,392,399330010,0,0,0,5520774,233653,12947,24749,1054131,642779,886144,398336,0,67659967,629757,28254215,0,941239384,161562,0,0,5694,499482,120763995,39694629,0,0,sphinx-doc__sphinx-8459,harness exit,,
sphinx-693,perfect_l1i,1,100000000,104073777,,112731,110702,0,0,0,5987878,33610971,4856859,1131019,548388,426157,974545,426157,547587,1660348,398050,22442289,1459743,2129034,1268082,93335230,27699774,116982852,256131353,120764234,109976649,9642832,14874268,0,0,0,0,2584,300055916,0,0,0,5587304,234443,0,0,0,619427,884177,400022,0,58420026,627447,28453965,0,827157858,0,0,0,0,0,120763999,39694631,343480,25736,sphinx-doc__sphinx-8459,harness exit,,
sphinx-693,perfect_l1d,1,100000000,31722569,,0,0,1059,971,68,0,39694520,0,0,6188,0,6188,0,259,253,0,0,0,0,0,0,0,0,0,120763825,66398937,6439496,18531764,0,0,0,0,0,0,0,0,0,5587617,225114,9180,10332,432516,16698,809999,382387,0,3435182,567112,24759677,0,249849234,86268,0,0,3138,299880,120763726,39694520,0,0,sphinx-doc__sphinx-8459,harness exit,,
sphinx-693,perfect_l2,1,100000000,39651485,,2111,2084,914,899,0,5633065,33961420,4590640,1042425,0,0,0,0,0,0,0,22704169,1105687,0,3484949,94846038,20993856,0,66350195,120763943,96206511,7507160,12355924,0,0,0,0,0,18634078,0,0,0,5653541,232978,6934,0,98010,29138,841593,399315,0,6808548,581508,27801721,0,313222482,0,0,0,282,75186,120763790,39694553,0,0,sphinx-doc__sphinx-8459,harness exit,,
sphinx-693,perfect_llc,1,100000000,62262566,,6266,5744,938,912,4,5972061,33625333,4863151,1108910,0,0,0,0,0,1612827,0,22434554,1467139,1269560,2126431,93340904,27860237,72669370,113826297,120764210,110197258,9379612,14936484,0,0,0,0,0,104946586,0,0,0,5575221,235190,7627,18,216344,123087,877857,402060,0,21375072,619721,28411924,0,493825948,1110,0,0,882,169278,120763853,39694593,0,0,sphinx-doc__sphinx-8459,harness exit,,
sphinx-693,perfect_all,1,100000000,31657360,,0,0,0,0,0,0,39694520,0,0,0,0,0,0,0,0,0,0,0,0,0,0,0,0,0,120763825,66453293,6439596,18533238,0,0,0,0,0,0,0,0,0,5592780,225928,0,0,0,17291,810423,383523,0,3435060,567682,24761250,0,249463550,0,0,0,0,0,120763726,39694520,0,0,sphinx-doc__sphinx-8459,harness exit,,
sphinx-693,l1d_2x,1,100000000,103855494,,72674,71050,1071,968,67,5789060,33815271,4707572,1081488,548390,426058,974448,426058,546352,1642144,398697,22597058,1342693,2099332,1265547,93977450,25469145,115265457,256355466,120764228,109020841,9628968,14851764,0,0,0,0,398,299645802,0,0,0,5581108,233763,12754,11966,1032171,625892,882227,398357,0,58192752,625999,28370547,0,825139506,137796,0,0,4152,507312,120763995,39694629,342645,25933,sphinx-doc__sphinx-8459,harness exit,,
sphinx-693,record,1,100000000,104150433,,68884,67303,1073,968,72,5987856,33610940,4856841,1131015,550137,426167,976304,426167,548065,1660964,398007,22442254,1459792,2128242,1268807,93329234,27699908,116910209,256501605,120764228,109903262,9639666,14885146,0,0,0,0,336,299589242,0,0,0,5581495,233630,12840,10539,1063122,586217,884846,398582,0,58232344,627338,28456098,0,827542174,163032,0,0,3876,507684,120763995,39694629,343339,25811,sphinx-doc__sphinx-8459,harness exit,693949,100000768
sympy-261,no_dpref,1,100000003,42283526,,54567,52951,264165,256796,282,2434467,41597689,1920611,513856,42563,0,42563,0,29892,84570,0,27528035,1781532,115123,23956,115504333,31846263,6199861,4142194,117371247,91115493,2217628,5104146,0,0,0,0,58008,5129806,0,0,0,9229462,386501,1495009,24718,19589156,847409,3968699,4430633,0,1997468,4482431,15017999,0,294992862,118092,0,0,209880,17294664,117371097,44120542,0,0,sympy__sympy-11618,harness start-up,,
sympy-261,perfect_l1i,1,100000003,39927675,,82004,80022,0,0,0,2451140,41585011,1938799,512341,32093,11688,43781,11688,20862,80508,10080,27513842,1806439,110793,21567,115492174,32185553,5959251,3816133,117371247,94950085,2267976,5214336,0,0,0,0,39384,5221204,0,0,0,11174233,775161,0,0,0,903137,3945353,4547269,0,2061133,4508793,15182602,0,281349824,0,0,0,0,0,117371097,44120542,8752,1151,sympy__sympy-11618,harness start-up,,
sympy-261,perfect_l1d,1,100000003,36954737,,0,0,263013,255961,189,0,44120541,0,0,12298,0,12298,0,482,457,0,0,0,0,0,0,0,0,0,117371247,75930019,1673210,3435196,0,0,0,0,0,0,0,0,0,9312147,384293,1471484,9300,18077402,353027,3780762,4291653,0,503005,4293615,13778709,0,255935696,112356,0,0,142458,16216626,117371099,44120543,0,0,sympy__sympy-11618,harness start-up,,
sympy-261,perfect_l2,1,100000003,40064683,,535,405,262361,255525,0,2407538,41641008,1909440,498098,0,0,0,0,0,0,0,27555596,1648491,0,260949,115655936,29492907,0,4633250,117371247,88927579,2154026,4931152,0,0,0,0,0,2584904,0,0,0,9262811,387534,1468514,0,17499714,588420,3945649,4415236,0,1169134,4451848,14833200,0,279042598,0,0,0,140748,15768510,117371097,44120542,0,0,sympy__sympy-11618,harness start-up,,
sympy-261,perfect_llc,1,100000003,41274366,,7196,6574,263900,256792,10,2427520,41614777,1920927,506593,0,0,0,0,0,84650,0,27537860,1782283,115311,23333,115548730,31856533,6208917,1291738,117371247,90966924,2203842,5073528,0,0,0,0,16,4065678,0,0,0,9235652,386967,1483928,114,18889304,718315,3966641,4428578,0,1569937,4477983,15016655,0,287683194,1956,0,0,206682,16937622,117371097,44120542,0,0,sympy__sympy-11618,harness start-up,,
sympy-261,perfect_all,1,100000003,34689751,,0,0,0,0,0,0,44120541,0,0,0,0,0,0,0,0,0,0,0,0,0,0,0,0,0,117371247,79455547,1716136,3521178,0,0,0,0,0,0,0,0,0,11245656,776724,0,0,0,384343,3741839,4408396,0,532350,4310947,13929749,0,242733252,0,0,0,0,0,117371099,44120543,0,0,sympy__sympy-11618,harness start-up,,
sympy-261,l1d_2x,1,100000003,40981070,,58225,56695,263993,256713,195,1476814,42599360,1172023,304791,33235,11681,44916,11681,21302,74856,10151,28320641,1059190,91219,21614,118852352,18975263,4915184,3766771,117371247,87066175,2025512,4752698,0,0,0,0,51160,3884738,0,0,0,9260598,386877,1491578,22080,19435257,681298,3920506,4391280,0,1655273,4436476,14708102,0,285510332,103476,0,0,219012,17180226,117371097,44120542,8756,1187,sympy__sympy-11618,harness start-up,,
sympy-261,record,1,100000003,42259530,,57172,55583,264099,256806,212,2431518,41606865,1920960,510558,33330,11690,45020,11690,21285,87039,10121,27533913,1781145,118239,21576,115528102,31840661,6357018,3763258,117371247,91111378,2217864,5103976,0,0,0,0,43834,5133798,0,0,0,9230307,386470,1494677,14174,19571284,827852,3968944,4430420,0,2002431,4482635,15017113,0,294834086,101100,0,0,210222,17304744,117371097,44120542,8770,1122,sympy__sympy-11618,harness start-up,34305,100000230
sympy-264,no_dpref,1,99999874,51195887,,73057,70888,180875,175933,469,2179763,40109386,1630998,548765,104005,0,104005,0,72856,146897,0,26963471,1406475,131233,93290,112848402,25383247,7063537,15686426,117261077,137849101,2189888,6172468,0,0,0,0,81302,6601744,0,0,0,10116375,462353,1114809,46202,17229118,1073563,4183247,3820213,0,3836156,4575764,21202318,0,369800602,273054,0,0,169266,14158908,117260837,42392591,0,0,sympy__sympy-11618,harness start-up,,
sympy-264,perfect_l1i,1,99999874,48891272,,109922,107069,0,0,0,2180174,40121611,1638710,541464,78626,30342,108968,30342,50556,142260,26632,26968395,1418421,154048,66241,112923496,25553756,8180013,12062035,117261037,141724985,2220834,6246468,0,0,0,0,73636,6240040,0,0,0,11269276,690716,0,0,0,1137017,4177443,3930023,0,3681011,4609410,21406398,0,356233242,0,0,0,0,0,117260836,42392589,21207,2727,sympy__sympy-11618,harness start-up,,
sympy-264,perfect_l1d,1,99999874,42484677,,9,2,180794,176046,354,0,42392590,0,0,23256,0,23256,0,882,1251,0,0,0,0,0,0,0,0,0,117261071,118329627,1753912,5132032,0,0,0,0,0,0,0,0,0,10159114,466157,1097539,29669,14947429,454599,3990298,3727755,0,703528,4401977,19157324,0,304183792,222210,0,0,108456,12551400,117260843,42392592,0,0,sympy__sympy-11618,harness start-up,,
sympy-264,perfect_l2,1,99999874,45639953,,363,242,178380,174216,0,2116769,40213817,1606418,510351,0,0,0,0,0,0,0,27029488,958646,0,647772,113144214,17284339,0,11508624,117261077,133364754,2128418,6054034,0,0,0,0,0,2544798,0,0,0,10133292,462818,1080521,0,13584286,644166,4137755,3800296,0,1379369,4538199,20658825,0,328535368,0,0,0,92508,11507736,117260837,42392591,0,0,sympy__sympy-11618,harness start-up,,
sympy-264,perfect_llc,1,99999874,47763982,,8369,7630,179759,175367,32,2161788,40151029,1628710,533078,0,0,0,0,0,146892,0,26989427,1406672,131436,90602,112955129,25260016,7070947,4900893,117261077,137487664,2167948,6136344,0,0,0,0,0,4208790,0,0,0,10120260,462804,1096681,1247,15419170,772965,4176737,3818778,0,2032780,4570678,21151840,0,344295580,7008,0,0,142920,12988194,117260837,42392591,0,0,sympy__sympy-11618,harness start-up,,
sympy-264,perfect_all,1,99999874,40618527,,10,3,0,0,0,0,42392588,0,0,0,0,0,0,0,0,0,0,0,0,0,0,0,0,0,117261010,121882348,1767646,5167518,0,0,0,0,0,0,0,0,0,11339879,698489,0,0,0,473788,3978708,3837412,0,708268,4433343,19353215,0,293508754,0,0,0,0,0,117260835,42392590,0,0,sympy__sympy-11618,harness start-up,,
sympy-264,l1d_2x,1,99999874,49822159,,69057,67006,181529,176531,457,1399503,40929249,1027324,372179,82477,30187,112664,30187,52301,143264,26701,27606748,815455,144800,67069,115578975,14792298,7671397,11935157,117261089,134202468,2056358,5998866,0,0,0,0,79230,5020626,0,0,0,10123573,463526,1117231,34476,17165291,975240,4143795,3805692,0,3221389,4531747,20852567,0,359444868,267192,0,0,169572,14123424,117260838,42392590,21140,2733,sympy__sympy-11618,harness start-up,,
sympy-264,record,1,99999874,50906700,,66291,64191,180885,175959,455,2170254,40133154,1630159,540095,82511,30584,113095,30584,52210,150589,26648,26978569,1405223,158253,66683,112911084,25344002,8397928,12012301,117261077,137792420,2185930,6169170,0,0,0,0,62888,6152744,0,0,0,10116996,462428,1115017,42390,17290514,1060615,4181891,3819857,0,3533201,4574651,21190389,0,367541910,282852,0,0,175902,14179356,117260837,42392591,21190,2953,sympy__sympy-11618,harness start-up,73978,100000553
sympy-629,no_dpref,1,99999541,52613734,,40068,36387,172802,168572,686,2357773,41203511,1543944,813829,195547,0,195547,0,153281,246952,0,27117105,1132883,158841,252220,112349465,22183621,8761684,39130848,124770877,140106329,2042060,7812424,0,0,0,0,940718,13160022,0,0,0,10644508,678441,1023345,203950,16260384,1019850,3724454,3598082,0,3824406,3930688,31569845,0,386205310,390816,0,0,127968,13424520,124770513,43805138,0,0,sympy__sympy-11618,tool execution: python,,
sympy-629,perfect_l1i,1,99999541,49815894,,84970,79503,0,0,0,2319481,41323061,1544181,775300,85944,120402,206346,120402,57451,310392,85407,27198126,1136750,217626,189805,112741479,22040106,11674391,31643514,124770877,143532135,2037394,7745710,0,0,0,0,851786,11414618,0,0,0,11606009,936142,0,0,0,1011379,3708345,3708980,0,3481164,3966410,31823915,0,368604798,0,0,0,0,0,124770513,43805138,79628,29923,sympy__sympy-11618,tool execution: python,,
sympy-629,perfect_l1d,1,99999540,45103337,,1608,72,172694,168820,443,0,43805109,0,0,31775,0,31775,0,1060,1497,0,0,0,0,0,0,0,0,0,124770837,123917236,1788866,6465054,0,0,0,0,0,0,0,0,0,10690392,684835,1005118,38057,13922947,502570,3587904,3524366,0,909299,3806545,29410990,0,328843178,288600,0,0,76968,11790726,124770445,43805109,0,0,sympy__sympy-11618,tool execution: python,,
sympy-629,perfect_l2,1,99999541,47854198,,4069,1298,170574,167301,2,2194675,41522374,1508515,686160,0,0,0,0,0,0,0,27308299,870247,0,638268,113158746,16201835,0,11606259,124770877,136951953,1924390,6921026,0,0,0,0,24,3676560,0,0,0,10679454,681031,987775,96,12164384,647005,3693977,3584860,0,1423063,3902478,31167601,0,350496378,204,0,0,61440,10464078,124770514,43805137,0,0,sympy__sympy-11618,tool execution: python,,
sympy-629,perfect_llc,1,99999541,49824519,,9189,5522,171285,167839,42,2301487,41357822,1539411,762076,0,0,0,0,0,247115,0,27219663,1132948,159394,247069,112770851,21172105,8773810,12917727,124770877,139928072,2007794,7332636,0,0,0,0,5308,7083840,0,0,0,10653991,678966,1000698,1079,13841743,760180,3719980,3596703,0,2125249,3924586,31544650,0,365282868,5922,0,0,99168,11837106,124770513,43805138,0,0,sympy__sympy-11618,tool execution: python,,
sympy-629,perfect_all,1,99999540,43331127,,2375,102,0,0,0,0,43805109,0,0,0,0,0,0,0,0,0,0,0,0,0,0,0,0,0,124770837,127021960,1799130,6523506,0,0,0,0,0,0,0,0,0,11652961,945933,0,0,0,521814,3568663,3633758,0,919699,3838366,29650880,0,318731436,0,0,0,0,0,124770445,43805109,0,0,sympy__sympy-11618,tool execution: python,,
sympy-629,l1d_2x,1,99999541,51015751,,38352,35083,173071,168862,659,1792526,41874187,1135331,657195,92120,119447,211567,119447,60225,312310,85635,27631147,736172,208774,190385,114497793,14403057,11126934,31811879,124770877,136881012,1960758,7611904,0,0,0,0,870504,10906442,0,0,0,10654874,679781,1023750,137435,16182018,925764,3692248,3580460,0,3223083,3900805,31111991,0,373901388,410070,0,0,126774,13401042,124770513,43805138,79478,30352,sympy__sympy-11618,tool execution: python,,
sympy-629,record,1,99999541,51855969,,40589,36924,172912,168695,676,2312791,41332318,1540029,772762,92910,120779,213689,120779,60578,318771,85906,27204845,1127804,221438,190787,112716941,21830665,11850460,32020990,124770877,139980944,2004868,7676692,0,0,0,0,801390,11583582,0,0,0,10645328,678599,1023952,160301,16297711,955032,3723437,3596960,0,3471865,3928312,31571950,0,380234146,385230,0,0,132144,13485984,124770513,43805138,79423,29782,sympy__sympy-11618,tool execution: python,148219,100000686
sympy-534,no_dpref,1,99998203,41046346,,99951,96956,120281,117333,471,1077127,42658584,805966,271161,79539,0,79539,0,47363,107796,0,27850643,631275,95642,79048,117631452,11438742,5284682,13740358,115121222,82934107,2423910,5721566,0,0,0,0,36218,9587472,0,0,0,9748947,498238,744762,36612,12383852,1146391,3834351,3071979,0,3965346,4057546,21387852,0,295165432,279060,0,0,99066,10091022,115120942,43769349,0,0,sympy__sympy-11618,harness: agent loop,,
sympy-534,perfect_l1i,1,99998203,39385578,,145733,141986,0,0,0,1078603,42659625,809691,268912,70200,12711,82911,12711,41110,101626,11365,27849435,638748,100162,70780,117660583,11562681,5521085,12696902,115121222,85414919,2432852,5745258,0,0,0,0,33966,9350502,0,0,0,10472082,641118,0,0,0,1142436,3826011,3157484,0,3922526,4072244,21516868,0,285371732,0,0,0,0,0,115120942,43769349,6032,975,sympy__sympy-11618,harness: agent loop,,
sympy-534,perfect_l1d,1,99998203,34742456,,131,39,120400,117596,402,0,43769311,0,0,27701,0,27701,0,1011,1706,0,0,0,0,0,0,0,0,0,115121198,70982001,1861520,4996746,0,0,0,0,0,0,0,0,0,9844407,505872,731846,28829,10882993,364597,3717789,3005966,0,1015743,3938235,20068642,0,248220230,259494,0,0,62382,9135042,115120812,43769311,0,0,sympy__sympy-11618,harness: agent loop,,
sympy-534,perfect_l2,1,99998203,36333732,,1277,921,118334,116041,0,1046391,42698049,792991,253400,0,0,0,0,0,0,0,27872347,404757,0,388233,117747501,7377516,0,7044527,115121222,78900752,2283560,5568252,0,0,0,0,0,2191648,0,0,0,9804339,504300,713961,0,9133524,565057,3794147,3049763,0,1456927,4014467,20888081,0,260639466,0,0,0,45054,7790244,115120942,43769349,0,0,sympy__sympy-11618,harness: agent loop,,
sympy-534,perfect_llc,1,99998203,38069720,,13237,11947,119189,116757,25,1070711,42669162,804521,266190,0,0,0,0,0,108020,0,27856250,631318,96085,77117,117657715,11432785,5304899,4312901,115121222,82609098,2353576,5590140,0,0,0,0,0,3971656,0,0,0,9780468,501139,725571,849,10653679,737329,3828489,3069972,0,2078221,4048955,21340150,0,273326692,4656,0,0,81690,9061410,115120942,43769349,0,0,sympy__sympy-11618,harness: agent loop,,
sympy-534,perfect_all,1,99998203,33331177,,156,45,0,0,0,0,43769311,0,0,0,0,0,0,0,0,0,0,0,0,0,0,0,0,0,115121198,73342757,1875586,5001302,0,0,0,0,0,0,0,0,0,10576627,652325,0,0,0,377255,3708435,3093759,0,1014938,3950140,20207918,0,240082838,0,0,0,0,0,115120812,43769311,0,0,sympy__sympy-11618,harness: agent loop,,
sympy-534,l1d_2x,1,99998203,40446717,,92833,89977,120491,117540,468,696520,43052401,504291,192229,75327,12999,88326,12999,43075,104521,11793,28165528,336444,95929,71917,118978075,6152103,5282640,12813105,115121222,81243636,2328456,5611920,0,0,0,0,33080,8827892,0,0,0,9765972,498821,745062,30047,12380856,1036298,3812678,3064121,0,3771215,4031923,21211190,0,290695064,299496,0,0,101952,10094142,115120942,43769349,6224,1029,sympy__sympy-11618,harness: agent loop,,
sympy-534,record,1,99998203,40979843,,90714,87773,120294,117341,474,1074387,42664185,805771,268616,75859,13271,89130,13271,43376,109392,11877,27853699,630107,103309,72354,117644569,11417632,5686030,12921018,115121222,82900115,2420544,5704912,0,0,0,0,44874,9631898,0,0,0,9750397,498375,745130,52489,12446333,1146899,3833799,3071627,0,3922505,4056725,21378553,0,294641480,304698,0,0,100716,10136808,115120942,43769349,6269,1020,sympy__sympy-11618,harness: agent loop,50268,100000526
sympy-540,no_dpref,1,100000003,198264509,,90741,87938,13777,13154,316,6222966,33881537,6185559,37407,2476677,0,2476677,0,2453247,2521684,0,23427446,1113877,97698,4973984,98451693,21347177,5639034,834971864,128590217,184843161,5238966,44013640,0,0,0,0,206,662521088,0,0,0,12292017,581798,105166,26247,3189222,588061,1649462,1457772,0,131148725,1477141,79357970,0,1574460118,206574,0,0,25254,2224494,128590068,40114202,0,0,sympy__sympy-11618,harness exit,,
sympy-540,perfect_l1i,1,100000003,178855783,,148067,144400,0,0,0,6134853,33969568,6097358,37495,1800585,1203900,3004485,1203900,1799182,2605318,1043936,23515565,1086381,1611596,3399381,98860937,20831080,83206409,628754834,128590217,181204414,5071116,40752114,0,0,0,0,1108,583672810,0,0,0,12429486,597104,0,0,0,554850,1646001,1475561,0,111861497,1472331,77100232,0,1420038130,0,0,0,0,0,128590068,40114202,614805,89892,sympy__sympy-11618,harness exit,,
sympy-540,perfect_l1d,1,100000004,43792693,,0,0,13737,13161,309,0,40114148,0,0,19382,0,19382,0,772,826,0,0,0,0,0,0,0,0,0,128590075,111432916,2848108,18243544,0,0,0,0,0,0,0,0,0,13856999,759371,96505,14976,2373018,67069,1357160,1406650,0,827862,1168511,55589118,0,339922798,213684,0,0,13302,1851990,128589901,40114150,0,0,sympy__sympy-11618,harness exit,,
sympy-540,perfect_l2,1,100000000,57148148,,747,677,12827,12626,0,5928307,34176065,5891721,36586,0,0,0,0,0,0,0,23721165,968032,0,4923689,101306755,18392801,0,93248820,128590217,150075015,2387690,25318834,0,0,0,0,0,43018788,0,0,0,13774603,710902,86280,0,1194582,96603,1479257,1470393,0,3077379,1284748,66532826,0,446821580,0,0,0,3918,978906,128589975,40114172,0,0,sympy__sympy-11618,harness exit,,
sympy-540,perfect_llc,1,100000000,89276371,,10549,9709,13080,12829,12,6251149,33853115,6213943,37206,0,0,0,0,0,2521685,0,23398823,1143132,99567,4971244,99167162,21913843,5746176,271099567,128590217,180192249,4094474,32246186,0,0,0,0,0,176977210,0,0,0,12959735,642160,88897,386,1665103,190203,1594662,1495243,0,23771009,1402811,77491174,0,703611560,1458,0,0,10134,1384806,128590067,40114202,0,0,sympy__sympy-11618,harness exit,,
sympy-540,perfect_all,1,100000004,43457006,,0,0,0,0,0,0,40114148,0,0,0,0,0,0,0,0,0,0,0,0,0,0,0,0,0,128590075,111843744,2848356,18245386,0,0,0,0,0,0,0,0,0,13919729,770130,0,0,0,69657,1360014,1417576,0,827925,1172590,55605902,0,337960708,0,0,0,0,0,128589901,40114150,0,0,sympy__sympy-11618,harness exit,,
sympy-540,l1d_2x,1,100000003,179491164,,84577,81875,13811,13195,309,5608013,34500856,5581814,26199,1805379,1196848,3002227,1196848,1801196,2591785,1073446,24035557,591680,1588294,3401840,101025889,11449464,81882038,637928718,128590217,176622233,5093206,40653260,0,0,0,0,32,589318262,0,0,0,12341936,585553,105169,20014,3145609,549074,1627917,1453496,0,113287902,1451862,76078092,0,1424346492,215688,0,0,25824,2190480,128590068,40114202,605277,88000,sympy__sympy-11618,harness exit,,
sympy-540,record,1,100000003,179233887,,87750,85061,13797,13179,310,6134749,33969813,6097503,37246,1804830,1204026,3008856,1204026,1800462,2607903,1044170,23515561,1085767,1611165,3400571,98852025,20810278,83156969,628823223,128590217,180716781,5074078,40778820,0,0,0,0,134,584434344,0,0,0,12363397,586550,105255,43591,3227781,553708,1642672,1463890,0,111905143,1468990,77073634,0,1422189474,228762,0,0,33396,2243070,128590068,40114202,614859,89738,sympy__sympy-11618,harness exit,1440591,100000299
requests-632,no_dpref,1,99996823,170493973,,109595,106006,70975,69059,388,5115665,36481739,4907032,208633,1885697,0,1885697,0,1856942,1926561,0,24799247,1158725,105322,3642985,104335272,22294141,6011774,617040729,123657627,175993793,3823810,37577346,0,0,0,0,232532,575894264,0,0,0,12116566,523724,464146,34459,8650789,909921,2728773,2215792,0,91253670,2754090,62005042,0,1341102290,238452,0,0,66582,6730284,123657627,41620480,0,0,psf__requests-1142,harness exit,,
requests-632,perfect_l1i,1,99996823,155130384,,175091,170482,0,0,0,5058501,36539025,4850848,207653,1386106,898634,2284740,898634,1377055,1992957,774274,24855553,1141788,1163981,2545079,104617884,21969736,61096248,471420421,123657627,175105326,3740280,35343240,0,0,0,0,226838,511015900,0,0,0,12602889,600956,0,0,0,956999,2729821,2276988,0,78871466,2762901,60682439,0,1220526090,0,0,0,0,0,123657627,41620480,444406,75185,psf__requests-1142,harness exit,,
requests-632,perfect_l1d,1,99996823,44409612,,141,68,70920,69115,345,0,41620480,0,0,22840,0,22840,0,916,1028,0,0,0,0,0,0,0,0,0,123657627,116205949,2591816,18282288,0,0,0,0,0,0,0,0,0,13037057,606979,450057,16544,7138482,124445,2461427,2130435,0,748656,2470835,44284956,0,335420860,196170,0,0,36744,5888046,123657627,41620480,0,0,psf__requests-1142,harness exit,,
requests-632,perfect_l2,1,99996823,56625305,,2035,1706,69694,68337,0,4947184,36653747,4748084,199100,0,0,0,0,0,0,0,24961722,917462,0,3830622,106202506,17350723,0,73516828,123657627,149456660,2108738,25523366,0,0,0,0,0,42657752,0,0,0,13011179,575559,438591,0,5800940,204912,2600770,2198998,0,2616646,2593383,52600584,0,432875618,0,0,0,27204,4835772,123657627,41620480,0,0,psf__requests-1142,harness exit,,
requests-632,perfect_llc,1,99996823,83467686,,14193,12836,70271,68819,15,5119339,36480073,4914322,205017,0,0,0,0,0,1926592,0,24793965,1179860,106605,3627857,104885980,22250159,6084877,200999554,123657627,172985934,3130504,29834392,0,0,0,0,30,163277074,0,0,0,12533430,546878,445384,574,6759593,341586,2698077,2239322,0,17348327,2706922,60709407,0,646888832,1764,0,0,43728,5642988,123657627,41620480,0,0,psf__requests-1142,harness exit,,
requests-632,perfect_all,1,99996823,43490618,,141,68,0,0,0,0,41620480,0,0,0,0,0,0,0,0,0,0,0,0,0,0,0,0,0,123657627,117785431,2594456,18294438,0,0,0,0,0,0,0,0,0,13496357,688145,0,0,0,127986,2464308,2188971,0,748794,2484835,44381636,0,330131648,0,0,0,0,0,123657627,41620480,0,0,psf__requests-1142,harness exit,,
requests-632,l1d_2x,1,99996823,155983352,,102068,98676,71025,69072,412,4475120,37131293,4323644,151476,1390713,894120,2284833,894120,1379809,1983223,793515,25391644,630339,1147119,2546186,106873725,12223024,60123976,477967361,123657627,169163530,3715212,35223572,0,0,0,0,283130,514113872,0,0,0,12154487,521678,463856,38170,8581894,866035,2698750,2207900,0,80259201,2723531,59818949,0,1225286254,241560,0,0,69492,6689436,123657627,41620480,437737,74284,psf__requests-1142,harness exit,,
requests-632,record,1,99996823,156035949,,108076,104554,71006,69063,406,5055167,36542973,4847968,207199,1390483,898451,2288934,898451,1378588,1996423,773633,24859047,1138001,1163852,2546115,104606559,21910512,61071946,471540811,123657627,173362805,3731170,35372752,0,0,0,0,234588,510847604,0,0,0,12163752,521962,464314,46848,8595407,875930,2722290,2217161,0,78475411,2745572,60586494,0,1225477514,234576,0,0,81390,6703698,123657627,41620480,443940,75532,psf__requests-1142,harness exit,1350805,99996823
requests-257,no_dpref,1,99935453,59054658,,29891,26554,141160,138494,533,2846969,37350332,2157522,689447,189955,0,189955,0,154321,420410,0,25075561,1416577,504221,236717,104301187,26557716,27808511,37061677,120757822,158598452,1529622,7473996,0,0,0,0,984326,35098558,0,0,0,9576200,489222,857511,119940,14998742,679159,3719662,2588729,0,14501694,3989507,28580103,0,440038168,265098,0,0,107508,12385188,120757770,40369787,0,0,psf__requests-1142,environment setup,,
requests-257,perfect_l1i,1,99935453,55529974,,61035,56486,0,0,0,2821853,37421020,2156734,665119,90631,121398,212029,121398,68864,440137,94278,25121921,1419716,597741,139270,104540913,26633952,32710192,24146886,120757822,161510733,1519920,7463262,0,0,0,0,974926,31000128,0,0,0,10204291,619020,0,0,0,667742,3724101,2672840,0,12295917,4025851,28681486,0,416329848,0,0,0,0,0,120757770,40369787,85107,19611,psf__requests-1142,environment setup,,
requests-257,perfect_l1d,1,99935455,43800726,,2040,234,140892,138558,364,0,40369755,0,0,27292,0,27292,0,802,1091,0,0,0,0,0,0,0,0,0,120757822,131864003,1202584,6002068,0,0,0,0,0,0,0,0,0,9610124,498775,839009,16260,12413582,280325,3552150,2534937,0,992041,3846539,24819146,0,320888338,187290,0,0,53712,10458900,120757690,40369760,0,0,psf__requests-1142,environment setup,,
requests-257,perfect_l2,1,99935451,49268260,,5993,3357,138880,137056,0,2737664,37554873,2110372,627292,0,0,0,0,0,0,0,25217953,999466,0,1110902,104953870,18546481,0,20672576,120757822,151005607,1315774,6632296,0,0,0,0,11800,13781114,0,0,0,9621717,496581,824497,0,11041337,377097,3673241,2574513,0,4141969,3948126,27374761,0,364174554,0,0,0,42516,9379152,120757718,40369772,0,0,psf__requests-1142,environment setup,,
requests-257,perfect_llc,1,99935455,54309213,,9821,6970,139763,137727,33,2813132,37437583,2154692,658440,0,0,0,0,0,420607,0,25131805,1417254,505640,231791,104542332,26515707,27865340,12485967,120757822,158451751,1471738,7137408,0,0,0,0,776,25728364,0,0,0,9581041,490637,838227,918,12976920,491278,3718054,2589240,0,9301556,3985220,28554983,0,403340042,5472,0,0,85350,10980612,120757770,40369787,0,0,psf__requests-1142,environment setup,,
requests-257,perfect_all,1,99935455,42172593,,2533,261,0,0,0,0,40369755,0,0,0,0,0,0,0,0,0,0,0,0,0,0,0,0,0,120757822,134616953,1215596,6063332,0,0,0,0,0,0,0,0,0,10238907,628686,0,0,0,296608,3554952,2618286,0,994844,3889697,24933791,0,311518944,0,0,0,0,0,120757690,40369760,0,0,psf__requests-1142,environment setup,,
requests-257,l1d_2x,1,99935455,56439350,,25838,23146,141525,138825,530,2332818,37926815,1765685,567133,96158,119947,216105,119947,70799,435341,94899,25529730,1049340,576170,140168,106199184,19642915,31506602,24323648,120757822,155035455,1442000,7296790,0,0,0,0,943096,29631690,0,0,0,9581965,490012,858133,100371,15034035,575304,3690831,2580503,0,11942533,3961890,28146477,0,419552220,255216,0,0,111390,12455544,120757770,40369787,85273,18446,psf__requests-1142,environment setup,,
requests-257,record,1,99935453,57481240,,29944,26852,141335,138649,537,2816153,37429174,2153294,662859,95759,122042,217801,122042,71292,448904,94745,25127815,1412338,599290,141659,104517512,26472343,32778988,24482207,120757822,158300891,1498420,7397188,0,0,0,0,944080,31079314,0,0,0,9578589,489850,858987,104033,15109389,614449,3717970,2588203,0,12336243,3986863,28546811,0,427577518,243762,0,0,109212,12513204,120757770,40369787,85458,19757,psf__requests-1142,environment setup,102821,99960012
sphinx-372,no_dpref,1,99660019,59235957,,31803,28839,139597,136954,541,2842627,37308668,2150617,692010,190396,0,190396,0,154544,420255,0,25044965,1410342,503177,237096,104191866,26430001,27746824,37048131,120463499,160888000,1483706,7186412,0,0,0,0,989520,34886776,0,0,0,9641764,502329,851547,108038,14892450,636087,3763628,2573134,0,14273907,4065524,28701025,0,441414534,261840,0,0,108090,12249288,120463486,40323802,0,0,sphinx-doc__sphinx-8459,environment setup,,
sphinx-372,perfect_l1i,1,99660019,55763993,,59603,55387,0,0,0,2815987,37380003,2149269,666718,90895,121493,212388,121493,68997,441332,93771,25091008,1412400,594794,142073,104424446,26482589,32553172,24423813,120463499,163875910,1474050,7143820,0,0,0,0,929608,30802914,0,0,0,10258663,634762,0,0,0,661787,3762999,2664898,0,12164642,4105082,28828469,0,418092204,0,0,0,0,0,120463486,40323802,84664,20139,sphinx-doc__sphinx-8459,environment setup,,
sphinx-372,perfect_l1d,1,99660018,44008507,,1889,173,139458,137162,379,0,40323778,0,0,27366,0,27366,0,800,1084,0,0,0,0,0,0,0,0,0,120463499,134067469,1177082,5725270,0,0,0,0,0,0,0,0,0,9679067,512555,832666,27653,12324511,261034,3577451,2519791,0,972615,3904482,24972530,0,322557822,192186,0,0,52512,10347480,120463420,40323779,0,0,sphinx-doc__sphinx-8459,environment setup,,
sphinx-372,perfect_l2,1,99660016,49460954,,3154,928,137296,135475,0,2732498,37513210,2103128,629370,0,0,0,0,0,0,0,25186868,996439,0,1106687,104846304,18480972,0,20602340,120463499,153229780,1283856,6360044,0,0,0,0,6160,13701822,0,0,0,9689423,509404,817677,0,10926697,358109,3708795,2561069,0,4144801,4015762,27520216,0,365693970,0,0,0,42120,9239400,120463458,40323795,0,0,sphinx-doc__sphinx-8459,environment setup,,
sphinx-372,perfect_llc,1,99660016,54486598,,6901,4440,138115,136105,18,2808247,37395131,2147747,660500,0,0,0,0,0,420362,0,25099919,1411156,504725,231864,104432135,26400059,27815053,12482941,120463499,160746884,1427494,6847904,0,0,0,0,10640,25539942,0,0,0,9646564,503232,831607,967,12871606,465499,3759497,2574098,0,9235620,4060629,28681940,0,404715276,3006,0,0,84822,10851432,120463458,40323795,0,0,sphinx-doc__sphinx-8459,environment setup,,
sphinx-372,perfect_all,1,99660018,42383874,,2361,202,0,0,0,0,40323778,0,0,0,0,0,0,0,0,0,0,0,0,0,0,0,0,0,120463499,136810887,1189276,5750552,0,0,0,0,0,0,0,0,0,10293749,644674,0,0,0,277170,3576509,2608813,0,976543,3944333,25091962,0,313199504,0,0,0,0,0,120463420,40323779,0,0,sphinx-doc__sphinx-8459,environment setup,,
sphinx-372,l1d_2x,1,99660015,56665625,,28334,25575,139896,137288,523,2329616,37882692,1761766,567850,96810,119913,216723,119913,71162,435656,94489,25494829,1045127,575051,141586,106072864,19560091,31428260,24563074,120463499,157294374,1398498,6989958,0,0,0,0,945278,29535920,0,0,0,9646735,502758,851533,129485,14997024,558758,3733563,2564093,0,11743709,4036097,28258095,0,421243638,278808,0,0,109926,12390660,120463486,40323802,84899,18849,sphinx-doc__sphinx-8459,environment setup,,
sphinx-372,record,1,99660019,57691712,,31798,28974,139729,137069,537,2811111,37386947,2146345,664766,95907,122352,218259,122352,71213,448199,95099,25096000,1406482,597645,142216,104410872,26354899,32689608,24678564,120463499,160611864,1453164,7106784,0,0,0,0,961910,30917132,0,0,0,9643355,502850,852618,121250,15018081,613454,3761201,2573404,0,12121547,4063443,28672933,0,429140976,274938,0,0,120888,12352284,120463486,40323802,85563,19622,sphinx-doc__sphinx-8459,environment setup,102824,99684506
django-337,no_dpref,1,99610726,59211086,,37952,34890,140129,137426,552,2852026,37295774,2162078,689948,191302,0,191302,0,154934,419248,0,25015504,1420866,503767,237443,104049169,26649599,27747374,37124179,120429458,160046569,1447664,7238982,0,0,0,0,1006710,34840592,0,0,0,9598705,498997,849233,85864,14987397,675595,3705844,2592169,0,14566434,4027249,29206373,0,441386152,252582,0,0,130440,12327054,120429326,40321232,0,0,django__django-13809,environment setup,,
django-337,perfect_l1i,1,99610726,55659895,,60462,56316,0,0,0,2827461,37365925,2161459,666002,91869,122207,214076,122207,69447,439274,94900,25061707,1424050,595214,142191,104280822,26748183,32546040,24404292,120429458,162960297,1438634,7219304,0,0,0,0,955782,30864228,0,0,0,10229928,626583,0,0,0,671049,3703442,2676031,0,12512916,4064900,29320778,0,417501136,0,0,0,0,0,120429368,40321250,85417,19624,django__django-13809,environment setup,,
django-337,perfect_l1d,1,99610725,43867481,,1875,171,139419,137068,385,0,40321208,0,0,27633,0,27633,0,815,1118,0,0,0,0,0,0,0,0,0,120429389,133089604,1138284,5770080,0,0,0,0,0,0,0,0,0,9632195,509021,829209,49718,12265002,278217,3531753,2531017,0,992062,3878502,25236024,0,321654808,201810,0,0,52182,10293984,120429258,40321208,0,0,django__django-13809,environment setup,,
django-337,perfect_l2,1,99610723,49342244,,3365,1132,137698,135831,0,2743259,37500245,2114200,629059,0,0,0,0,0,0,0,25159095,1005675,0,1108523,104705424,18651917,0,20647223,120429413,152300791,1245938,6402294,0,0,0,0,10712,13731058,0,0,0,9643399,505033,815471,0,10921697,360945,3653595,2577444,0,4207700,3975878,27952037,0,364994766,0,0,0,39894,9258684,120429253,40321210,0,0,django__django-13809,environment setup,,
django-337,perfect_llc,1,99610726,54369391,,8142,5612,138655,136597,28,2818680,37382589,2159270,659410,0,0,0,0,0,419421,0,25071784,1421734,505326,232208,104287597,26620470,27811821,12505771,120429458,159883892,1396320,6914978,0,0,0,0,1240,25517342,0,0,0,9602161,499726,829341,1236,12871203,481800,3701595,2592191,0,9356680,4020437,29180889,0,404013600,4260,0,0,84498,10868484,120429318,40321228,0,0,django__django-13809,environment setup,,
django-337,perfect_all,1,99610725,42255211,,2382,197,0,0,0,0,40321208,0,0,0,0,0,0,0,0,0,0,0,0,0,0,0,0,0,120429389,135828334,1149954,5798466,0,0,0,0,0,0,0,0,0,10259796,636549,0,0,0,298301,3530458,2611357,0,994916,3924549,25353843,0,312367570,0,0,0,0,0,120429258,40321208,0,0,django__django-13809,environment setup,,
django-337,l1d_2x,1,99610726,56556482,,30266,27483,140459,137747,537,2338644,37870557,1770091,568553,97522,120855,218377,120855,71397,435026,95714,25468891,1051888,575817,142380,105940142,19692397,31445978,24531434,120429458,156463168,1364746,7039068,0,0,0,0,938488,29439142,0,0,0,9601948,499978,850211,87358,14968974,584678,3678546,2582465,0,11988830,4001263,28752059,0,420615408,265602,0,0,115074,12345918,120429366,40321247,85572,18573,django__django-13809,environment setup,,
django-337,record,1,99610726,57571012,,31697,28836,140279,137557,564,2821885,37373680,2157927,663958,97237,123158,220395,123158,71884,447476,96011,25067419,1416909,597980,143032,104264668,26577196,32675982,24724272,120429458,159725696,1423370,7179018,0,0,0,0,951764,30790436,0,0,0,9598762,499101,850760,93049,15035245,617525,3703204,2590998,0,12401047,4024001,29169141,0,428430018,264012,0,0,114978,12365784,120429366,40321247,86136,19517,django__django-13809,environment setup,103065,99635330
xarray-1157,no_dpref,1,99592068,59009460,,30854,27914,139672,137007,559,2842660,37262602,2149968,692692,190319,0,190319,0,154573,418816,0,25002353,1411256,501301,237408,104027197,26472745,27635045,36808547,120380139,159319566,1460674,7189996,0,0,0,0,952722,35155170,0,0,0,9504077,483492,847781,125536,14939650,625104,3703315,2536855,0,14549376,3990300,28558314,0,439778324,262092,0,0,109536,12306120,120380057,40278420,0,0,pydata__xarray-2905,environment setup,,
xarray-1157,perfect_l1i,1,99592065,55500407,,54494,50679,0,0,0,2815314,37334805,2148371,666943,91113,122197,213310,122197,69197,439010,94901,25048807,1413142,594205,141021,104260719,26503990,32509888,24162515,120380139,162271310,1444452,7163460,0,0,0,0,974908,31160200,0,0,0,10111949,613371,0,0,0,637613,3708468,2620805,0,12368039,4033994,28676531,0,416234434,0,0,0,0,0,120380056,40278420,85241,19565,pydata__xarray-2905,environment setup,,
xarray-1157,perfect_l1d,1,99592062,43752740,,1917,179,139581,137253,377,0,40278379,0,0,27550,0,27550,0,800,1089,0,0,0,0,0,0,0,0,0,120380007,132895343,1125662,5754418,0,0,0,0,0,0,0,0,0,9531577,491868,829267,30332,12290949,270750,3537558,2476512,0,975090,3845585,24748245,0,320695990,195348,0,0,54846,10320522,120379945,40278379,0,0,pydata__xarray-2905,environment setup,,
xarray-1157,perfect_l2,1,99592063,49218359,,3223,992,137620,135780,0,2733206,37465989,2103116,630090,0,0,0,0,0,0,0,25143150,1002915,0,1100201,104669463,18610603,0,20480922,120380007,151945903,1242376,6341924,0,0,0,0,13120,13876808,0,0,0,9547587,490462,815222,0,10947715,364071,3657291,2523023,0,4153776,3950486,27357372,0,363937162,0,0,0,45282,9268788,120379976,40278390,0,0,pydata__xarray-2905,environment setup,,
xarray-1157,perfect_llc,1,99592065,54231800,,7775,5257,138376,136344,39,2807789,37349992,2147372,660417,0,0,0,0,0,419031,0,25057475,1412097,503069,232204,104261605,26433066,27717097,12508492,120380139,159198225,1395976,6847398,0,0,0,0,0,25754226,0,0,0,9506093,485005,827980,951,12871338,472206,3699918,2536766,0,9329391,3987280,28542237,0,402868198,4680,0,0,85236,10874100,120380023,40278410,0,0,pydata__xarray-2905,environment setup,,
xarray-1157,perfect_all,1,99592062,42124993,,2378,201,0,0,0,0,40278379,0,0,0,0,0,0,0,0,0,0,0,0,0,0,0,0,0,120380007,135612129,1136864,5769094,0,0,0,0,0,0,0,0,0,10139008,622458,0,0,0,286444,3538933,2558058,0,978160,3884259,24873297,0,311318154,0,0,0,0,0,120379945,40278379,0,0,pydata__xarray-2905,environment setup,,
xarray-1157,l1d_2x,1,99592065,56424182,,28586,25876,140099,137464,505,2335886,37831338,1767567,568319,96809,120201,217010,120201,71153,434514,95193,25446717,1051614,574343,141607,105886187,19680154,31371352,24353770,120380139,155874127,1365064,7008756,0,0,0,0,912576,29739470,0,0,0,9505024,485909,849121,88552,15030105,580951,3674903,2528282,0,11911120,3963672,28121398,0,419527892,262974,0,0,117336,12413316,120380056,40278420,85196,18504,pydata__xarray-2905,environment setup,,
xarray-1157,record,1,99592065,57432689,,28856,26040,139889,137231,544,2810462,37342082,2145820,664642,96239,122246,218485,122246,71644,447956,94740,25053783,1406810,595874,143133,104238091,26365595,32577659,24495228,120380139,159056918,1425646,7104660,0,0,0,0,975886,31251716,0,0,0,9505238,485100,849087,75780,15007999,599773,3701022,2537001,0,12365337,3989233,28527424,0,427300280,251340,0,0,115296,12387786,120380056,40278420,85099,19932,pydata__xarray-2905,environment setup,102809,99616692
sympy-255,no_dpref,1,99461021,58878259,,26990,24157,139638,137059,521,2843963,37290635,2153281,690682,190197,0,190197,0,154405,420751,0,25021260,1412558,503869,236852,104153772,26493089,27779188,37256845,120258974,156809296,1557280,7409316,0,0,0,0,967398,35146666,0,0,0,9586939,485371,848822,109406,14872659,673616,3694130,2602101,0,14736195,3974751,30310337,0,438948670,268680,0,0,126252,12280614,120258959,40307766,0,0,sympy__sympy-11618,environment setup,,
sympy-255,perfect_l1i,1,99461021,55371178,,51332,47579,0,0,0,2817999,37361976,2152294,665705,91188,121778,212966,121778,69238,440941,94483,25067624,1414638,597176,140480,104379613,26534814,32676030,24282375,120258974,159710560,1548762,7385640,0,0,0,0,931580,31011128,0,0,0,10214935,617576,0,0,0,667601,3693027,2688691,0,12670820,4013012,30433257,0,415402184,0,0,0,0,0,120258972,40307766,85262,19711,sympy__sympy-11618,environment setup,,
sympy-255,perfect_l1d,1,99461021,43588876,,1860,157,139272,137087,373,0,40307732,0,0,27435,0,27435,0,799,1120,0,0,0,0,0,0,0,0,0,120258974,130175925,1240152,5868080,0,0,0,0,0,0,0,0,0,9614274,493680,830200,30181,12219518,286180,3533860,2542781,0,1025245,3838619,26082158,0,319524294,205122,0,0,45774,10291128,120258857,40307735,0,0,sympy__sympy-11618,environment setup,,
sympy-255,perfect_l2,1,99461021,49079161,,3352,1128,137354,135585,0,2734613,37495350,2105937,628676,0,0,0,0,0,0,0,25163978,999233,0,1106702,104804095,18532787,0,20609167,120258974,149200411,1347968,6548122,0,0,0,0,8200,13728792,0,0,0,9630777,492126,815614,0,10869330,384374,3646864,2587087,0,4203844,3932712,28942486,0,362995336,0,0,0,37962,9244896,120258857,40307736,0,0,sympy__sympy-11618,environment setup,,
sympy-255,perfect_llc,1,99461021,54110405,,6596,4201,138182,136216,32,2809963,37377176,2150198,659765,0,0,0,0,0,420982,0,25076893,1413017,505492,231687,104388613,26443979,27852099,12481639,120258974,156654105,1498434,7057970,0,0,0,0,16,25669344,0,0,0,9592460,486691,828774,1450,12808156,492994,3691065,2601864,0,9613941,3971220,30276540,0,402109190,4434,0,0,81036,10849980,120258857,40307736,0,0,sympy__sympy-11618,environment setup,,
sympy-255,perfect_all,1,99461021,41980805,,2320,178,0,0,0,0,40307732,0,0,0,0,0,0,0,0,0,0,0,0,0,0,0,0,0,120258974,132856054,1250554,5896732,0,0,0,0,0,0,0,0,0,10238280,627488,0,0,0,304498,3529539,2626586,0,1030570,3876853,26213792,0,310279476,0,0,0,0,0,120258857,40307735,0,0,sympy__sympy-11618,environment setup,,
sympy-255,l1d_2x,1,99461021,56249996,,27187,24610,139887,137365,472,2330891,37866029,1763520,567371,96325,120183,216508,120183,70702,435344,95187,25473343,1047378,575288,140854,106036776,19609499,31464812,24640326,120258974,153264427,1465682,7208230,0,0,0,0,928138,29616718,0,0,0,9591226,485740,849506,76246,14832772,588325,3668410,2593719,0,12074439,3949785,29788804,0,418446730,238878,0,0,123174,12303000,120258972,40307766,85600,18304,sympy__sympy-11618,environment setup,,
sympy-255,record,1,99461021,57313353,,26647,23983,139767,137209,489,2812624,37369740,2149196,663428,96094,122373,218467,122373,71324,449080,95296,25073111,1408579,598114,142503,104366019,26404774,32708926,24789225,120258974,156516819,1526016,7321874,0,0,0,0,975822,31056792,0,0,0,9590174,485424,849830,96959,14896927,613972,3693013,2602063,0,12656315,3972744,30268370,0,426588990,240096,0,0,111192,12335310,120258972,40307766,85920,19504,sympy__sympy-11618,environment setup,102813,99485545
sympy-582,no_dpref,1,99009362,61738833,,57413,53001,170897,166581,664,3029192,39253878,2295045,734147,220272,0,220272,0,174279,424980,0,25860537,1473761,457006,364278,107357178,27594400,25283520,56290538,122994282,162376440,1549280,8352868,0,0,0,0,423470,37411606,0,0,0,11765175,670290,1021706,84133,16870365,947240,3665887,3311375,0,8302856,3975986,36851649,0,460522492,442740,0,0,148866,13799874,122994209,42452608,0,0,sympy__sympy-11618,tool execution: python,,
sympy-582,perfect_l1i,1,99009362,58126280,,96068,89958,0,0,0,3004704,39318850,2294725,709979,110688,134942,245630,134942,76178,485018,103455,25901328,1478062,562566,254097,107587455,27680255,30716594,42542136,122994307,165760434,1540368,8358222,0,0,0,0,423068,33601616,0,0,0,12744135,926797,0,0,0,948193,3643811,3429846,0,7396651,4009363,37087231,0,436560792,0,0,0,0,0,122994307,42452640,91559,23162,sympy__sympy-11618,tool execution: python,,
sympy-582,perfect_l1d,1,99009362,46441178,,1923,69,171124,167161,429,0,42452607,0,0,32715,0,32715,0,1128,1798,0,0,0,0,0,0,0,0,0,122994282,135531551,1201256,7118954,0,0,0,0,0,0,0,0,0,11900286,686435,1001984,27369,14113774,372571,3477593,3229487,0,752762,3800725,32960162,0,341283860,283122,0,0,84468,11929266,122994209,42452608,0,0,sympy__sympy-11618,tool execution: python,,
sympy-582,perfect_l2,1,99009362,51746583,,5514,2639,168567,165206,0,2903857,39468204,2241401,662456,0,0,0,0,0,0,0,26003172,1105855,0,1135546,108006778,20541576,0,20906662,122994282,155078620,1325522,7367546,0,0,0,0,0,13716238,0,0,0,11894874,679576,981848,0,12210955,507876,3614696,3293900,0,2086587,3926790,35825914,0,383325920,0,0,0,65298,10469154,122994209,42452608,0,0,sympy__sympy-11618,tool execution: python,,
sympy-582,perfect_llc,1,99009362,56656855,,10886,6932,169062,165524,46,2992542,39342737,2290767,701775,0,0,0,0,0,425219,0,25917024,1474168,458575,358024,107610822,27571126,25345434,19067928,122994282,162146511,1487674,7903674,0,0,0,0,0,25553262,0,0,0,11803681,671579,995619,1450,14120213,639987,3661956,3311360,0,4419384,3971709,36822163,0,421475916,6798,0,0,107454,12019290,122994209,42452608,0,0,sympy__sympy-11618,tool execution: python,,
sympy-582,perfect_all,1,99009362,44624306,,2515,103,0,0,0,0,42452607,0,0,0,0,0,0,0,0,0,0,0,0,0,0,0,0,0,122994282,138585046,1211448,7152000,0,0,0,0,0,0,0,0,0,12883963,947538,0,0,0,391766,3453329,3342107,0,758224,3828937,33187331,0,330872716,0,0,0,0,0,122994209,42452608,0,0,sympy__sympy-11618,tool execution: python,,
sympy-582,l1d_2x,1,99009362,59176005,,47897,43831,171386,167054,626,2421063,39926744,1826590,594473,117850,133970,251820,133970,78728,480526,105251,26393729,1027302,544206,255082,109580848,19228600,29674283,42737381,122994282,158362279,1466076,8213618,0,0,0,0,403208,32623512,0,0,0,11779097,671974,1023131,94061,16887996,863073,3630207,3297814,0,7094712,3940471,36261267,0,440491192,428460,0,0,151422,13865700,122994209,42452608,92630,22584,sympy__sympy-11618,tool execution: python,,
sympy-582,record,1,99009362,60255124,,53703,49460,170878,166578,636,2997230,39328793,2289971,707259,118043,135641,253684,135641,79232,492985,104628,25908564,1468917,566671,254383,107568036,27494810,30926337,42644253,122994282,162141320,1522448,8295270,0,0,0,0,415798,33895544,0,0,0,11769579,670731,1022187,86938,16994809,877433,3663593,3311115,0,7367670,3973836,36832576,0,448751232,436284,0,0,162996,13893162,122994209,42452608,92316,22679,sympy__sympy-11618,tool execution: python,121216,99009899
requests-655,no_dpref,1,98949969,61755716,,55212,50713,172740,168519,665,3034910,39205200,2299594,735316,220679,0,220679,0,174511,424949,0,25831962,1479567,456006,364021,107223967,27684119,25213826,56266571,122915728,162596719,1532002,8420894,0,0,0,0,430046,37204922,0,0,0,11794822,670926,1032686,116013,17058025,933837,3545124,3260849,0,8088108,3841697,37344912,0,460741990,429450,0,0,152730,13974288,122915655,42409722,0,0,psf__requests-1142,tool execution: python,,
requests-655,perfect_l1i,1,98949969,58145016,,91294,84987,0,0,0,3010711,39270034,2300289,710422,111655,135239,246894,135239,76557,484953,103963,25871888,1483775,562260,254253,107463430,27778451,30683563,42428077,122915777,166020023,1512644,8322982,0,0,0,0,422692,33551654,0,0,0,12754526,927763,0,0,0,930452,3524848,3382202,0,7110171,3873293,37597082,0,436872706,0,0,0,0,0,122915771,42409762,91605,22848,psf__requests-1142,tool execution: python,,
requests-655,perfect_l1d,1,98949969,46487237,,1652,63,172594,168758,435,0,42409721,0,0,32879,0,32879,0,1112,1778,0,0,0,0,0,0,0,0,0,122915728,135700876,1173088,7120574,0,0,0,0,0,0,0,0,0,11937695,687226,1011272,32824,14298778,376684,3364609,3179754,0,722993,3666630,33419736,0,341834566,292860,0,0,74388,12093660,122915655,42409722,0,0,psf__requests-1142,tool execution: python,,
requests-655,perfect_l2,1,98949969,51785100,,3793,1074,170257,166995,0,2910066,39419762,2246480,663586,0,0,0,0,0,0,0,25974794,1116841,0,1129639,107876221,20747629,0,20800951,122915728,155241103,1291310,7369008,0,0,0,0,0,13723994,0,0,0,11924973,680490,993682,0,12388144,509877,3496980,3242039,0,2017939,3791947,36310011,0,383817182,0,0,0,59898,10615500,122915655,42409722,0,0,psf__requests-1142,tool execution: python,,
requests-655,perfect_llc,1,98949969,56680786,,10848,7177,171042,167625,31,2998739,39293806,2296021,702718,0,0,0,0,0,425311,0,25887970,1479853,457778,358390,107477939,27666275,25290427,19091663,122915728,162361143,1458756,7904816,0,0,0,0,0,25355956,0,0,0,11830893,672996,1007475,1162,14331046,641277,3539724,3261706,0,4264965,3836229,37326249,0,421803490,5034,0,0,102354,12206010,122915655,42409722,0,0,psf__requests-1142,tool execution: python,,
requests-655,perfect_all,1,98949969,44651363,,2546,88,0,0,0,0,42409721,0,0,0,0,0,0,0,0,0,0,0,0,0,0,0,0,0,122915728,138828907,1181810,7152914,0,0,0,0,0,0,0,0,0,12900206,947260,0,0,0,395232,3343624,3293671,0,721202,3703160,33646755,0,331317738,0,0,0,0,0,122915655,42409722,0,0,psf__requests-1142,tool execution: python,,
requests-655,l1d_2x,1,98949969,59201103,,43168,39402,173317,169095,658,2422867,39881492,1828011,594856,118439,134435,252874,134435,78976,479325,106388,26367794,1029414,542860,255737,109462513,19248044,29601244,42595206,122915728,158551367,1422646,8196682,0,0,0,0,392228,32479868,0,0,0,11809513,675088,1034413,106891,17064900,827207,3510080,3244788,0,6872329,3805835,36773038,0,440804268,398616,0,0,137250,14054448,122915655,42409722,93362,21884,psf__requests-1142,tool execution: python,,
requests-655,record,1,98949969,60312644,,49974,45937,172869,168626,678,3003761,39278935,2295250,708511,118322,135790,254112,135790,79199,493157,104729,25878892,1474525,565480,255245,107431371,27579339,30842761,42549803,122915728,162363722,1496594,8287502,0,0,0,0,411272,33621540,0,0,0,11798085,672226,1033754,92764,17183162,871121,3541819,3260300,0,7049953,3838233,37336709,0,449308386,439974,0,0,138582,14099274,122915655,42409722,92314,22649,psf__requests-1142,tool execution: python,121193,98950506
requests-682,no_dpref,1,98820497,61569937,,47452,43063,170280,166093,645,3026244,39203749,2292887,733357,219790,0,219790,0,174140,423358,0,25826722,1474405,453848,364634,107211523,27593601,25100699,55601327,122790249,161846120,1495976,8236236,0,0,0,0,409778,36994242,0,0,0,11714107,672571,1020591,117551,16970237,888842,3620673,3305588,0,8034195,3913950,37130425,0,459422634,457866,0,0,140622,13858752,122790176,42397585,0,0,psf__requests-1142,tool execution: python,,
requests-682,perfect_l1i,1,98820497,57972640,,96175,90125,0,0,0,3001827,39267543,2292218,709609,110438,135236,245674,135236,75992,483959,103559,25866755,1478504,559984,253730,107443748,27678334,30550900,41601201,122790274,165259507,1498854,8287108,0,0,0,0,402026,33222866,0,0,0,12673147,927207,0,0,0,900940,3606410,3419192,0,7152686,3954058,37352880,0,435593906,0,0,0,0,0,122790274,42397617,91499,23139,psf__requests-1142,tool execution: python,,
requests-682,perfect_l1d,1,98820497,46366325,,1719,80,170104,166216,433,0,42397584,0,0,32623,0,32623,0,1132,1792,0,0,0,0,0,0,0,0,0,122790249,135010509,1174530,7094474,0,0,0,0,0,0,0,0,0,11852469,688247,998959,25566,14158954,363443,3431010,3218304,0,753894,3720678,33419377,0,340923082,320610,0,0,80580,11900802,122790176,42397585,0,0,psf__requests-1142,tool execution: python,,
requests-682,perfect_l2,1,98820497,51666807,,5056,2133,167834,164612,0,2900906,39416828,2238741,662165,0,0,0,0,0,0,0,25968609,1107068,0,1131673,107860194,20584734,0,20836627,122790249,154570424,1284380,7309876,0,0,0,0,4832,13707436,0,0,0,11843204,682230,980367,0,12254860,501820,3569306,3285648,0,2069878,3858861,36168064,0,382908736,0,0,0,62802,10474890,122790176,42397585,0,0,psf__requests-1142,tool execution: python,,
requests-682,perfect_llc,1,98820497,56550363,,10789,6807,168677,165270,38,2989243,39291838,2288288,700955,0,0,0,0,0,423802,0,25882409,1474463,455688,358137,107464635,27604032,25186431,19073059,122790249,161663450,1444104,7840908,0,0,0,0,64,25321390,0,0,0,11751867,674222,995489,856,14194106,625460,3616621,3307361,0,4338076,3907528,37102593,0,420843900,6216,0,0,104208,12056868,122790176,42397585,0,0,psf__requests-1142,tool execution: python,,
requests-682,perfect_all,1,98820497,44541726,,2499,111,0,0,0,0,42397584,0,0,0,0,0,0,0,0,0,0,0,0,0,0,0,0,0,122790249,138070394,1181490,7121262,0,0,0,0,0,0,0,0,0,12818772,945250,0,0,0,382243,3416638,3324875,0,759854,3763082,33629961,0,330446954,0,0,0,0,0,122790176,42397585,0,0,psf__requests-1142,tool execution: python,,
requests-682,l1d_2x,1,98820497,59045800,,42704,38992,170824,166582,650,2419863,39872974,1826238,593625,117547,134634,252181,134634,78665,478695,106118,26356215,1029923,541764,254551,109427387,19267983,29530017,41755519,122790249,157816502,1427436,8187382,0,0,0,0,385178,32179876,0,0,0,11733409,673804,1022808,106365,16935178,770703,3586648,3291179,0,6788086,3875453,36548844,0,439703072,432816,0,0,154710,13848648,122790176,42397585,93289,22302,psf__requests-1142,tool execution: python,,
requests-682,record,1,98820497,60130711,,44585,40583,170419,166211,652,2994579,39277011,2287804,706775,117838,135948,253786,135948,79230,491790,104707,25873402,1469433,561895,256476,107422375,27488190,30649604,42349083,122790249,161635694,1476704,8220960,0,0,0,0,387590,33393050,0,0,0,11718166,673279,1021288,80774,17008508,840719,3618842,3304621,0,7062336,3911883,37115589,0,448022326,434736,0,0,150090,13929492,122790176,42397585,92351,22766,psf__requests-1142,tool execution: python,121190,98821034
xarray-730,no_dpref,1,92121504,56015584,,39846,36668,139447,136653,611,2782143,34262068,2158858,623285,167651,0,167651,0,131924,413147,0,22903776,1413832,531831,213191,95346187,26549238,29405016,33371207,111296985,150169034,1457342,7311066,0,0,0,0,529470,35721324,0,0,0,9144347,459613,850761,80284,14876285,804297,3439124,2459187,0,14452916,3743408,27103110,0,416638754,286944,0,0,108786,12266292,111296965,37191808,0,0,pydata__xarray-2905,tool execution: python,,
xarray-730,perfect_l1i,1,92121504,52661852,,70943,66601,0,0,0,2763123,34313863,2159317,603806,80638,102852,183490,102852,54125,427189,83289,22936092,1420200,615874,123239,95523149,26703412,33798822,21184497,111296985,153119783,1442126,7283290,0,0,0,0,512126,32232048,0,0,0,9798685,593864,0,0,0,806709,3436940,2548325,0,12408277,3774740,27238798,0,394299896,0,0,0,0,0,111296965,37191808,76138,13303,pydata__xarray-2905,tool execution: python,,
xarray-730,perfect_l1d,1,92121507,41143493,,1663,75,139083,136721,385,0,37191771,0,0,27659,0,27659,0,783,1314,0,0,0,0,0,0,0,0,0,111296889,123950987,1131530,6078016,0,0,0,0,0,0,0,0,0,9164972,468455,833407,41929,12362564,390471,3273007,2397141,0,1001655,3597893,23407716,0,300560378,190722,0,0,55794,10440096,111296882,37191771,0,0,pydata__xarray-2905,tool execution: python,,
xarray-730,perfect_l2,1,92121508,46751544,,3189,1046,137000,135098,0,2683390,34436476,2113628,569762,0,0,0,0,0,0,0,23024675,1084957,0,1028669,95916350,20205416,0,19200146,111296889,143104959,1271762,6590144,0,0,0,0,0,14671572,0,0,0,9186810,466416,816667,0,10937370,511740,3389635,2442793,0,4466005,3698095,26054910,0,344925304,0,0,0,44310,9312762,111296874,37191773,0,0,pydata__xarray-2905,tool execution: python,,
xarray-730,perfect_llc,1,92121508,51953632,,8877,6327,138017,135890,46,2753658,34330208,2156058,597600,0,0,0,0,0,413390,0,22946244,1414075,533087,208892,95533091,26539776,29455835,11226804,111296899,150046062,1409002,7067294,0,0,0,0,0,27720548,0,0,0,9144438,460433,831309,1443,12903127,617059,3435313,2459547,0,9894574,3737678,27084502,0,385370016,7266,0,0,93888,10920018,111296879,37191776,0,0,pydata__xarray-2905,tool execution: python,,
xarray-730,perfect_all,1,92121507,39504548,,2112,95,0,0,0,0,37191771,0,0,0,0,0,0,0,0,0,0,0,0,0,0,0,0,0,111296889,126640813,1132828,6090246,0,0,0,0,0,0,0,0,0,9821762,602521,0,0,0,408816,3270784,2483639,0,1003452,3634131,23536556,0,291097700,0,0,0,0,0,111296882,37191771,0,0,pydata__xarray-2905,tool execution: python,,
xarray-730,l1d_2x,1,92121508,53561330,,39818,36891,139671,136903,580,2268584,34825127,1764643,503941,86228,102217,188445,102217,56144,421715,84646,23347491,1045998,594906,123736,97203251,19624696,32607955,21488782,111296985,146665463,1344538,7112896,0,0,0,0,498498,31210520,0,0,0,9146770,461666,851455,50986,14840706,701959,3409283,2448273,0,11956184,3714567,26645612,0,397538678,260880,0,0,108474,12284634,111296959,37191807,77133,11999,pydata__xarray-2905,tool execution: python,,
xarray-730,record,1,92121504,54568867,,35350,32347,139548,136766,586,2757113,34322282,2155547,601566,85828,103765,189593,103765,56774,436180,83965,22942271,1412151,618574,124818,95508738,26522193,33937826,21329495,111296985,149959042,1428758,7250782,0,0,0,0,497866,32240742,0,0,0,9143617,460030,851336,63226,14941271,783224,3436007,2459362,0,12428034,3739482,27086914,0,405199864,281556,0,0,111414,12340116,111296965,37191808,76420,13472,pydata__xarray-2905,tool execution: python,91938,92145220
xarray-434,no_dpref,1,92093275,55834543,,38683,35436,140195,137553,558,2783174,34237732,2159214,623960,167349,0,167349,0,131689,412956,0,22881241,1414001,532332,212879,95235768,26546018,29445861,32889773,111261423,149563720,1404044,7219262,0,0,0,0,525244,35998860,0,0,0,9087925,452188,856565,65365,14879846,773108,3409056,2421816,0,14800294,3764304,26449805,0,415303258,265122,0,0,104970,12245448,111261412,37169806,0,0,pydata__xarray-2905,tool execution: python,,
xarray-434,perfect_l1i,1,92093275,52526251,,66613,62349,0,0,0,2763587,34290313,2159467,604120,80664,102622,183286,102622,53991,427728,83034,22913982,1420321,616327,122817,95419452,26682517,33844260,20974851,111261423,152544081,1403686,7200032,0,0,0,0,477840,32567094,0,0,0,9728327,584131,0,0,0,794607,3410826,2509765,0,12798646,3799260,26574188,0,393279772,0,0,0,0,0,111261412,37169806,75912,13303,pydata__xarray-2905,tool execution: python,,
xarray-434,perfect_l1d,1,92093276,40994225,,1710,86,139340,137049,392,0,37169771,0,0,27683,0,27683,0,784,1326,0,0,0,0,0,0,0,0,0,111261337,123633618,1077582,5993392,0,0,0,0,0,0,0,0,0,9112501,462803,835821,26856,12335225,386513,3235353,2364658,0,998229,3613536,22926774,0,299472858,195528,0,0,58458,10393488,111261324,37169771,0,0,pydata__xarray-2905,tool execution: python,,
xarray-434,perfect_l2,1,92093277,46612687,,3509,1314,137775,135985,0,2685294,34411487,2114667,570627,0,0,0,0,0,0,0,23001677,1089120,0,1025545,95807116,20273171,0,19138373,111261337,142731621,1213168,6501308,0,0,0,0,0,14863026,0,0,0,9129805,459750,821830,0,10941649,525001,3359304,2405088,0,4489174,3716662,25424293,0,343903302,0,0,0,38118,9311760,111261311,37169772,0,0,pydata__xarray-2905,tool execution: python,,
xarray-434,perfect_llc,1,92093277,51828107,,8780,6201,138715,136720,21,2754119,34306661,2156192,597927,0,0,0,0,0,413133,0,22924144,1414254,533478,208458,95426517,26535153,29491559,11208235,111261423,149466339,1358766,6975390,0,0,0,0,448,28145760,0,0,0,9087148,453082,836581,469,12906322,626183,3405221,2422292,0,10284588,3757681,26434868,0,384446680,3078,0,0,87078,10922118,111261360,37169792,0,0,pydata__xarray-2905,tool execution: python,,
xarray-434,perfect_all,1,92093276,39367776,,2176,117,0,0,0,0,37169771,0,0,0,0,0,0,0,0,0,0,0,0,0,0,0,0,0,111261337,126360816,1096584,6010776,0,0,0,0,0,0,0,0,0,9753798,595188,0,0,0,410421,3235838,2452053,0,1000552,3648710,23052052,0,290090174,0,0,0,0,0,111261324,37169771,0,0,pydata__xarray-2905,tool execution: python,,
xarray-434,l1d_2x,1,92093275,53429856,,34637,31679,140450,137846,535,2270201,34801062,1766219,503982,86076,101622,187698,101622,55983,422363,83807,23324593,1047623,594818,123776,97093161,19645348,32630856,21278230,111261423,146100571,1305474,7015462,0,0,0,0,488752,31631596,0,0,0,9087142,454157,856485,82719,14730371,691486,3382120,2412392,0,12475260,3737496,26029167,0,396572286,261258,0,0,111828,12170850,111261412,37169806,76457,12352,pydata__xarray-2905,tool execution: python,,
xarray-434,record,1,92093275,54444224,,37053,33991,140294,137667,532,2757526,34298744,2155713,601813,85476,103264,188740,103264,56334,436237,83631,22920106,1412361,618593,124757,95403983,26520206,33952273,21208633,111261423,149369618,1378536,7159664,0,0,0,0,506472,32838578,0,0,0,9087235,452777,857232,70009,14884798,739244,3407555,2421442,0,12880266,3760840,26430919,0,404327144,249702,0,0,113712,12286038,111261412,37169806,76327,13322,pydata__xarray-2905,tool execution: python,91937,92116981
sphinx-670,no_dpref,1,92079812,38130489,,106392,103124,100875,98071,573,1168634,37589065,784853,383781,99529,0,99529,0,61728,100880,0,24377442,623126,64557,97170,102743867,11481090,3585245,16241035,105633567,72198106,3011970,8182976,0,0,0,0,302822,8470328,0,0,0,7960112,460001,630104,44828,11156871,1073307,2942651,2627302,0,4768391,3097758,22283648,0,276683744,376932,0,0,83532,8952636,105633549,38784605,0,0,sphinx-doc__sphinx-8459,harness: agent loop,,
sphinx-670,perfect_l1i,1,92079812,36534477,,157241,153236,0,0,0,1126736,37632168,788489,338247,78689,22957,101646,22957,47011,102314,17518,24375011,628587,78634,81268,102760990,11571528,4333874,14105408,105633567,74271051,3037190,8405112,0,0,0,0,189848,8089376,0,0,0,8550992,581708,0,0,0,1108084,2926358,2720735,0,4439627,3105913,22355407,0,267108362,0,0,0,0,0,105633549,38784605,10856,5095,sphinx-doc__sphinx-8459,harness: agent loop,,
sphinx-670,perfect_l1d,1,92079812,31603636,,103,75,101455,98749,540,0,38784604,0,0,31838,0,31838,0,1182,1753,0,0,0,0,0,0,0,0,0,105633567,61525359,2506384,7371636,0,0,0,0,0,0,0,0,0,8008030,467324,620319,30789,9622194,293248,2834478,2570934,0,1339881,3001545,20864144,0,228159026,329082,0,0,50958,8000070,105633549,38784605,0,0,sphinx-doc__sphinx-8459,harness: agent loop,,
sphinx-670,perfect_l2,1,92079812,32977982,,1519,1197,99441,97409,0,1055802,37706889,770318,285484,0,0,0,0,0,0,0,24396969,491339,0,278979,102844134,8556863,0,5067814,105633567,68145532,2933686,8243556,0,0,0,0,0,1872640,0,0,0,7969813,462341,602486,0,7678137,467471,2905203,2598495,0,1693309,3064056,21573240,0,238965832,0,0,0,35052,6534870,105633549,38784605,0,0,sphinx-doc__sphinx-8459,harness: agent loop,,
sphinx-670,perfect_llc,1,92079812,34594855,,14572,13338,100013,97854,19,1117346,37642840,782354,334992,0,0,0,0,0,100929,0,24382428,623526,64776,94052,102760658,10951952,3594608,5174741,105633567,71670595,3006574,8265708,0,0,0,0,24,3388984,0,0,0,7964487,460847,610736,406,8987412,625150,2937915,2622491,0,2267810,3091625,22142246,0,250799028,2874,0,0,64146,7624128,105633549,38784605,0,0,sphinx-doc__sphinx-8459,harness: agent loop,,
sphinx-670,perfect_all,1,92079812,30354302,,113,79,0,0,0,0,38784604,0,0,0,0,0,0,0,0,0,0,0,0,0,0,0,0,0,105633567,63576981,2510400,7391202,0,0,0,0,0,0,0,0,0,8629149,593462,0,0,0,302666,2823405,2665813,0,1335585,3017054,20993787,0,220960012,0,0,0,0,0,105633549,38784605,0,0,sphinx-doc__sphinx-8459,harness: agent loop,,
sphinx-670,l1d_2x,1,92079812,37363596,,106843,103714,101244,98429,574,712771,38057634,443909,268862,85265,23085,108350,23085,49211,110301,17545,24731092,285930,76153,81826,104255358,5515035,4179668,14237561,105633567,70715283,2877580,8165500,0,0,0,0,223478,7282758,0,0,0,7973616,461906,632707,49877,11170903,1010271,2921863,2622176,0,4341382,3077828,22092464,0,270954708,372852,0,0,91650,8976630,105633549,38784605,10687,5358,sphinx-doc__sphinx-8459,harness: agent loop,,
sphinx-670,record,1,92079812,37922105,,110473,107243,100925,98115,579,1122738,37636396,784795,337943,85634,23264,108898,23264,49085,108809,17738,24378935,621961,80671,82163,102750535,11440121,4443549,14312220,105633567,72056317,3010386,8373276,0,0,0,0,187590,8173970,0,0,0,7959655,459942,630621,76948,11169928,1106095,2942228,2627135,0,4450913,3097381,22208877,0,275023752,349488,0,0,98772,8997054,105633549,38784605,10895,5132,sphinx-doc__sphinx-8459,harness: agent loop,67321,92079879
django-534,no_dpref,1,87091877,54183185,,46527,43037,169927,166019,678,2777855,35329505,2097239,680616,199439,0,199439,0,157331,372677,0,23496829,1353487,396414,347338,97883387,25409426,21874283,54108167,108106185,141381016,1602048,7348576,0,0,0,0,507132,29706174,0,0,0,10391599,470884,1021196,116305,16049135,899892,3690956,3199215,0,6604884,4106754,29682108,0,402215656,330648,0,0,119856,13171830,108106131,38268598,0,0,django__django-13809,tool execution: python,,
django-534,perfect_l1i,1,87091877,50948258,,76403,70782,0,0,0,2755291,35392276,2097959,657332,101411,120009,221420,120009,69690,435440,88574,23536309,1358778,485025,254156,98107815,25489756,26350351,42872565,108106246,144842400,1581506,7270920,0,0,0,0,500258,26863068,0,0,0,11461228,665971,0,0,0,866797,3683250,3317925,0,5874156,4153957,29819571,0,381032008,0,0,0,0,0,108106223,38268626,78093,23969,django__django-13809,tool execution: python,,
django-534,perfect_l1d,1,87091877,40818113,,2003,140,171481,167898,427,0,38268597,0,0,31581,0,31581,0,1049,1746,0,0,0,0,0,0,0,0,0,108106185,117176136,1261064,6181780,0,0,0,0,0,0,0,0,0,10513253,486094,1007892,35398,13361285,326247,3457837,3104328,0,658781,3878862,26336088,0,298474636,238302,0,0,70866,11265144,108106131,38268598,0,0,django__django-13809,tool execution: python,,
django-534,perfect_l2,1,87091877,45421908,,4100,1198,168500,165505,0,2663557,35529294,2050824,612733,0,0,0,0,0,0,0,23628735,1010744,0,1040080,98474539,18766617,0,19054899,108106185,135060386,1388108,6274444,0,0,0,0,4384,10552180,0,0,0,10506334,478782,985764,0,11614690,464102,3620092,3181782,0,1439107,4039237,28729515,0,334843174,0,0,0,58572,9891390,108106131,38268598,0,0,django__django-13809,tool execution: python,,
django-534,perfect_llc,1,87091877,49708811,,9822,6636,168561,165365,46,2744223,35414278,2094165,650058,0,0,0,0,0,372924,0,23551044,1353646,397674,342845,98121130,25371440,21925287,18191185,108106185,141257642,1545300,6855338,0,0,0,0,2192,19796294,0,0,0,10422643,472626,997694,1370,13775929,623806,3686920,3201802,0,3263790,4102368,29600082,0,367872292,5628,0,0,101970,11658510,108106131,38268598,0,0,django__django-13809,tool execution: python,,
django-534,perfect_all,1,87091877,39152098,,3287,278,0,0,0,0,38268597,0,0,0,0,0,0,0,0,0,0,0,0,0,0,0,0,0,108106185,120321071,1265920,6215782,0,0,0,0,0,0,0,0,0,11591408,683819,0,0,0,343566,3451185,3218705,0,670309,3927192,26502549,0,288913100,0,0,0,0,0,108106131,38268598,0,0,django__django-13809,tool execution: python,,
django-534,l1d_2x,1,87091877,51978940,,39518,36341,171124,167172,645,2205470,35962350,1659936,545534,106683,119404,226087,119404,72011,431057,90759,23994592,938749,465970,255217,99967754,17575958,25273467,42968915,108106185,137725786,1510310,7212540,0,0,0,0,502750,26181234,0,0,0,10409098,472930,1024882,90873,16171653,767356,3655254,3178723,0,5436033,4069252,29100927,0,385071840,330522,0,0,117150,13340646,108106131,38268598,79579,23084,django__django-13809,tool execution: python,,
django-534,record,1,87091877,52955825,,43015,39646,170052,166159,650,2748561,35400641,2093311,655250,106394,120925,227319,120925,72139,444823,89558,23542599,1349566,487958,255787,98083030,25337781,26510019,43184744,108106185,141161128,1566898,7246000,0,0,0,0,501658,26966750,0,0,0,10400746,471192,1021791,93385,16257209,835412,3686823,3199377,0,5730931,4104562,29614895,0,392486708,336186,0,0,120858,13369518,108106131,38268598,78812,23834,django__django-13809,tool execution: python,117552,87092393
django-502,base,1,51786695,20496531,,67808,65888,20447,19815,281,246255,24214149,183684,62571,45707,7174,52881,7174,25629,36188,6808,15863367,123603,18736,41345,66640373,2318563,977312,7421439,63684242,31688268,1209702,3839938,0,0,0,0,12824,6298578,0,0,0,6426773,557944,138033,13204,3138719,346670,1676336,1224740,0,3391842,1966066,14823762,0,152465160,229254,0,0,15462,2233878,63684242,24466434,4327,258,django__django-13809,harness: agent loop,,
django-502,no_dpref,1,51786695,20651818,,66686,64709,20444,19816,282,251455,24208106,183724,67731,49960,0,49960,0,29654,35812,0,15862484,123942,8621,51161,66636947,2325084,483740,8661710,63684242,31727541,1210452,3842704,0,0,0,0,14208,6638506,0,0,0,6425822,557957,137908,14556,3137295,382890,1676866,1224953,0,3526486,1966429,14833056,0,153683744,208062,0,0,14784,2245980,63684242,24466434,0,0,django__django-13809,harness: agent loop,,
django-502,perfect_l1i,1,51786695,20155844,,113978,111323,0,0,0,247020,24213218,184232,62788,42126,7162,49288,7162,24884,34644,6800,15862653,124681,18271,41280,66644860,2340733,951808,7449971,63684289,32271269,1208504,3846744,0,0,0,0,21768,6389678,0,0,0,6542927,585890,0,0,0,393281,1676070,1238492,0,3442362,1971415,14857774,0,150529748,0,0,0,0,0,63684242,24466434,4349,258,django__django-13809,harness: agent loop,,
django-502,perfect_l1d,1,51786695,17391706,,119,64,21338,20708,283,0,24466434,0,0,19173,0,19173,0,748,765,0,0,0,0,0,0,0,0,0,63684242,28230807,961128,3113870,0,0,0,0,0,0,0,0,0,6567948,565090,136352,12831,2864706,62675,1627237,1214386,0,624156,1962949,14378636,0,128683666,233004,0,0,13572,2257464,63684242,24466434,0,0,django__django-13809,harness: agent loop,,
django-502,perfect_l2,1,51786695,17838994,,562,376,19787,19504,0,230396,24232910,177894,52502,0,0,0,0,0,0,0,15872059,108598,0,69296,66666690,2039784,0,1273562,63684242,30286099,1160858,3713306,0,0,0,0,0,1068850,0,0,0,6465460,535027,123661,0,1623897,97392,1640785,1222222,0,1023125,1950577,14620784,0,132571286,0,0,0,4668,1338048,63684242,24466434,0,0,django__django-13809,harness: agent loop,,
django-502,perfect_llc,1,51786695,18501623,,8697,7956,19887,19570,4,244640,24216438,182942,61698,0,0,0,0,0,35794,0,15864783,124091,8658,50193,66634303,2326143,484675,2750893,63684242,31491597,1187630,3781792,0,0,0,0,0,2251758,0,0,0,6453356,529505,125408,96,1953608,153158,1650987,1227413,0,1496558,1956207,14777779,0,137577332,876,0,0,9804,1624404,63684242,24466434,0,0,django__django-13809,harness: agent loop,,
django-502,perfect_all,1,51786695,17001966,,119,64,0,0,0,0,24466434,0,0,0,0,0,0,0,0,0,0,0,0,0,0,0,0,0,63684289,28768817,963716,3107168,0,0,0,0,0,0,0,0,0,6699835,595092,0,0,0,64552,1623835,1224707,0,622596,1969006,14416593,0,126408170,0,0,0,0,0,63684242,24466434,0,0,django__django-13809,harness: agent loop,,
django-502,l1d_2x,1,51786695,20353411,,64623,62748,20515,19870,290,173691,24288104,125227,48464,45617,7162,52779,7162,25582,35525,6829,15923215,66147,17863,41217,66894402,1247834,929348,7336690,63684242,31403614,1174414,3781596,0,0,0,0,12760,5925790,0,0,0,6444668,564861,138073,22129,3118094,355763,1671838,1224018,0,3321391,1968729,14789609,0,151346678,217200,0,0,15456,2246964,63684242,24466434,4306,240,django__django-13809,harness: agent loop,,
django-502,record,1,51786695,20496531,,67808,65888,20447,19815,281,246255,24214149,183684,62571,45707,7174,52881,7174,25629,36188,6808,15863367,123603,18736,41345,66640373,2318563,977312,7421439,63684242,31688268,1209702,3839938,0,0,0,0,12824,6298578,0,0,0,6426773,557944,138033,13204,3138719,346670,1676336,1224740,0,3391842,1966066,14823762,0,152465160,229254,0,0,15462,2233878,63684242,24466434,4327,258,django__django-13809,harness: agent loop,34840,51786756
sympy-530,base,1,19820622,9516539,,61460,59784,14338,13760,259,133845,9550069,98827,35018,38251,6538,44789,6538,18705,24859,6265,6282143,59977,8738,30111,26356299,1101132,463993,5419421,24460917,17875296,336344,905362,0,0,0,0,54784,4004612,0,0,0,2572275,244848,101790,17736,2485954,224803,662423,498456,0,1718637,777562,6734681,0,70571532,197298,0,0,13092,1741980,24460906,9688904,4108,173,sympy__sympy-11618,harness: agent loop,,
sympy-530,no_dpref,1,19820622,9628832,,59472,57754,14377,13794,260,136654,9546371,98930,37724,42341,0,42341,0,22634,24436,0,6281151,60432,2557,35940,26351738,1109199,142139,6174435,24460917,17895514,337160,907658,0,0,0,0,54824,4343396,0,0,0,2573251,243735,102035,18001,2466794,207698,661505,498168,0,1870342,778079,6738695,0,71457284,193008,0,0,11964,1725414,24460906,9688904,0,0,sympy__sympy-11618,harness: agent loop,,
sympy-530,perfect_l1i,1,19820622,9253399,,102761,100463,0,0,0,134511,9549335,99343,35168,34964,6506,41470,6506,18098,23740,6225,6281559,60903,8173,30266,26360519,1120679,434138,5442189,24460917,18320532,336272,906630,0,0,0,0,45514,4117016,0,0,0,2643244,259172,0,0,0,216019,664044,509243,0,1771731,781450,6757120,0,69129414,0,0,0,0,0,24460906,9688904,4083,176,sympy__sympy-11618,harness: agent loop,,
sympy-530,perfect_l1d,1,19820622,7493394,,0,0,14628,14023,258,0,9688906,0,0,18705,0,18705,0,731,710,0,0,0,0,0,0,0,0,0,24460917,15391983,226924,554816,0,0,0,0,0,0,0,0,0,2637868,270554,98245,9719,2324094,25504,632559,488263,0,143619,764573,6463495,0,55175134,199044,0,0,13128,1816866,24460909,9688906,0,0,sympy__sympy-11618,harness: agent loop,,
sympy-530,perfect_l2,1,19820622,7642077,,310,241,13625,13355,0,121487,9565360,94884,26603,0,0,0,0,0,0,0,6289019,58621,0,36262,26387826,1072005,0,672109,24460917,16840668,308126,785774,0,0,0,0,0,385490,0,0,0,2596131,251794,88192,0,1188978,39761,651078,493711,0,299862,769368,6605886,0,56660542,0,0,0,5454,968856,24460906,9688904,0,0,sympy__sympy-11618,harness: agent loop,,
sympy-530,perfect_llc,1,19820622,8088007,,7129,6590,13736,13446,12,132660,9551776,98082,34578,0,0,0,0,0,24476,0,6283410,60346,2727,35008,26361268,1106054,151457,1930974,24460917,17749868,324906,854626,0,0,0,0,0,1182368,0,0,0,2582027,248885,89823,302,1426614,67072,659044,497792,0,567418,776137,6718880,0,60012130,2862,0,0,7374,1170744,24460906,9688904,0,0,sympy__sympy-11618,harness: agent loop,,
sympy-530,perfect_all,1,19820622,7168923,,0,0,0,0,0,0,9688906,0,0,0,0,0,0,0,0,0,0,0,0,0,0,0,0,0,24460917,15799642,227068,554736,0,0,0,0,0,0,0,0,0,2711953,285776,0,0,0,26740,634255,499590,0,143087,769216,6484967,0,53279326,0,0,0,0,0,24460909,9688906,0,0,sympy__sympy-11618,harness: agent loop,,
sympy-530,l1d_2x,1,19820622,9444708,,62715,61055,14356,13788,253,98496,9586233,70619,27877,38262,6455,44717,6455,18728,24430,6238,6311166,32444,8032,30142,26478286,593857,424158,5373723,24460917,17667922,321856,868960,0,0,0,0,44840,3895548,0,0,0,2580721,248552,101872,22158,2455818,196543,659456,497716,0,1688197,777152,6716441,0,70038976,176166,0,0,11124,1718322,24460906,9688904,4077,146,sympy__sympy-11618,harness: agent loop,,
sympy-530,record,1,19820622,9516539,,61460,59784,14338,13760,259,133845,9550069,98827,35018,38251,6538,44789,6538,18705,24859,6265,6282143,59977,8738,30111,26356299,1101132,463993,5419421,24460917,17875296,336344,905362,0,0,0,0,54784,4004612,0,0,0,2572275,244848,101790,17736,2485954,224803,662423,498456,0,1718637,777562,6734681,0,70571532,197298,0,0,13092,1741980,24460906,9688904,4108,173,sympy__sympy-11618,harness: agent loop,27776,19820653
django-517,base,1,5827012,2946106,,9691,8140,3281,3109,91,166009,1845451,96529,69480,19683,20007,39690,20007,13985,53276,11999,1263332,20594,9698,66237,5253527,389039,525531,11893641,6781789,7073536,128778,556446,0,0,0,0,167862,1372468,0,0,0,523432,17330,24292,8601,794330,109500,172162,144264,0,482114,196225,1511632,0,22050020,88014,0,0,7146,560490,6781778,2023612,10222,7723,django__django-13809,environment setup,,
django-517,no_dpref,1,5827012,2989956,,12071,10424,3271,3093,98,170596,1835486,96602,73994,37330,0,37330,0,28824,31092,0,1257881,20798,4519,71285,5230002,392810,239992,11606806,6781789,7085247,133016,564526,0,0,0,0,150606,1290590,0,0,0,518762,17451,24285,10247,767424,131096,172525,144271,0,501571,196355,1514154,0,22354550,93450,0,0,6948,535290,6781778,2023612,0,0,django__django-13809,environment setup,,
django-517,perfect_l1i,1,5827012,2845764,,22281,19813,0,0,0,166327,1845091,96583,69744,17933,19737,37670,19737,13514,53251,11219,1263236,20958,9056,66569,5256275,397480,478532,11646558,6781789,7217668,127934,556640,0,0,0,0,147542,1286158,0,0,0,541712,20868,0,0,0,109347,172526,146283,0,477514,196823,1518275,0,21460852,0,0,0,0,0,6781778,2023612,9983,8188,django__django-13809,environment setup,,
django-517,perfect_l1d,1,5827012,2275381,,1375,24,3410,3241,84,0,2023612,0,0,8656,0,8656,0,342,324,0,0,0,0,0,0,0,0,0,6781789,6145151,110636,252094,0,0,0,0,0,0,0,0,0,527262,17582,24203,10628,804228,56734,164932,142159,0,42839,190987,1429443,0,16784064,99144,0,0,7326,612360,6781778,2023612,0,0,django__django-13809,environment setup,,
django-517,perfect_l2,1,5827012,2296778,,1812,66,3029,2983,0,159159,1858998,93728,65431,0,0,0,0,0,0,0,1272830,19120,0,74608,5291107,360042,0,1299658,6781789,6699765,121730,272414,0,0,0,0,0,35832,0,0,0,525637,17450,20336,0,265470,61360,169878,143142,0,64808,194669,1475987,0,17107950,0,0,0,1326,210864,6781778,2023612,0,0,django__django-13809,environment setup,,
django-517,perfect_llc,1,5827012,2459051,,1976,343,3013,2963,3,166218,1846116,96593,69625,0,0,0,0,0,31071,0,1264142,20803,4670,71120,5254959,390529,244870,3800068,6781789,7065738,127348,390574,0,0,0,0,80,155506,0,0,0,524161,17318,20330,150,338160,71337,172017,144361,0,143585,196260,1508758,0,18353400,1008,0,0,1698,278556,6781778,2023612,0,0,django__django-13809,environment setup,,
django-517,perfect_all,1,5827012,2159392,,1829,46,0,0,0,0,2023612,0,0,0,0,0,0,0,0,0,0,0,0,0,0,0,0,0,6781789,6269121,109662,253740,0,0,0,0,0,0,0,0,0,545971,21148,0,0,0,57885,165457,144157,0,43036,191654,1435746,0,16106386,0,0,0,0,0,6781778,2023612,0,0,django__django-13809,environment setup,,
django-517,l1d_2x,1,5827012,2931220,,10475,8953,3291,3125,91,154693,1856987,86522,68171,20228,19438,39666,19438,14382,52622,11627,1273559,10568,9480,66474,5294181,201786,497443,12065778,6781789,6965992,125384,549920,0,0,0,0,160156,1359298,0,0,0,523720,17336,24386,8884,808726,105980,171635,144435,0,492709,195962,1503788,0,21927496,84462,0,0,6900,580674,6781778,2023612,9925,7565,django__django-13809,environment setup,,
django-517,record,1,5827012,2946106,,9691,8140,3281,3109,91,166009,1845451,96529,69480,19683,20007,39690,20007,13985,53276,11999,1263332,20594,9698,66237,5253527,389039,525531,11893641,6781789,7073536,128778,556446,0,0,0,0,167862,1372468,0,0,0,523432,17330,24292,8601,794330,109500,172162,144264,0,482114,196225,1511632,0,22050020,88014,0,0,7146,560490,6781778,2023612,10222,7723,django__django-13809,environment setup,32321,5831254
sphinx-701,base,1,5785600,2933825,,13609,11834,3294,3138,84,165197,1830127,95698,69499,19294,19882,39176,19882,13673,53317,11580,1254472,20286,8936,66476,5213622,384624,467563,11963954,6732063,7019000,125554,547874,0,0,0,0,148112,1365936,0,0,0,520595,16770,24981,5561,807989,107379,174330,143677,0,466593,195651,1493443,0,21917856,96186,0,0,6774,560772,6732006,2007286,10320,7985,sphinx-doc__sphinx-8459,environment setup,,
sphinx-701,no_dpref,1,5785600,2988137,,16628,14761,3249,3096,85,169818,1820016,95783,74035,37241,0,37241,0,28785,31036,0,1248897,20410,4381,70992,5190730,387776,233323,11985190,6732063,7032103,129628,553166,0,0,0,0,149376,1385710,0,0,0,515646,16883,24803,10478,778040,131356,174453,143600,0,493196,196938,1496297,0,22313170,85296,0,0,6648,550584,6732006,2007286,0,0,sphinx-doc__sphinx-8459,environment setup,,
sphinx-701,perfect_l1i,1,5785600,2846767,,27566,24864,0,0,0,165348,1829959,95762,69586,17901,19952,37853,19952,13468,52225,11966,1254391,20295,9129,66338,5216155,394268,482494,12177273,6732063,7169806,124758,552118,0,0,0,0,153940,1390184,0,0,0,539087,20214,0,0,0,128182,174482,146142,0,499330,196247,1500362,0,21445768,0,0,0,0,0,6732006,2007286,10587,7690,sphinx-doc__sphinx-8459,environment setup,,
sphinx-701,perfect_l1d,1,5785600,2251868,,1474,27,3443,3293,69,0,2007284,0,0,8472,0,8472,0,338,325,0,0,0,0,0,0,0,0,0,6732063,6090881,107198,244266,0,0,0,0,0,0,0,0,0,523454,16948,24988,10992,762504,60151,167069,140532,0,37464,190760,1407969,0,16600810,81534,0,0,8208,583368,6732006,2007286,0,0,sphinx-doc__sphinx-8459,environment setup,,
sphinx-701,perfect_l2,1,5785600,2281357,,1911,69,3061,3019,0,158453,1843406,92943,65510,0,0,0,0,0,0,0,1263762,18960,0,73983,5252399,356634,0,1290571,6732063,6646479,118630,258366,0,0,0,0,0,37648,0,0,0,522734,16868,21227,0,274494,64796,171634,141904,0,61425,193554,1458132,0,16973494,0,0,0,1206,214338,6732006,2007286,0,0,sphinx-doc__sphinx-8459,environment setup,,
sphinx-701,perfect_llc,1,5785600,2441372,,2475,725,3024,2981,2,165531,1830567,95781,69750,0,0,0,0,0,31012,0,1255163,20426,4506,70849,5215888,383843,236549,3787183,6732063,7012058,123528,377528,0,0,0,0,88,156990,0,0,0,521435,16816,21115,144,346242,74429,174271,143393,0,133821,195722,1489658,0,18198532,672,0,0,1158,283152,6732006,2007286,0,0,sphinx-doc__sphinx-8459,environment setup,,
sphinx-701,perfect_all,1,5785600,2143770,,1924,47,0,0,0,0,2007284,0,0,0,0,0,0,0,0,0,0,0,0,0,0,0,0,0,6732063,6221082,106298,245764,0,0,0,0,0,0,0,0,0,543026,20550,0,0,0,60632,167550,142862,0,37484,191646,1414664,0,15971248,0,0,0,0,0,6732006,2007286,0,0,sphinx-doc__sphinx-8459,environment setup,,
sphinx-701,l1d_2x,1,5785600,2916659,,14050,12323,3300,3136,92,154062,1841340,86060,68002,19628,19690,39318,19690,13859,52866,11778,1264188,10669,9192,66199,5253808,203742,484087,11981019,6732063,6907338,122416,547294,0,0,0,0,157826,1380656,0,0,0,520879,16762,25107,5948,821587,103874,173461,143431,0,464593,194952,1484136,0,21783754,99822,0,0,6918,568944,6732006,2007286,10415,7666,sphinx-doc__sphinx-8459,environment setup,,
sphinx-701,record,1,5785600,2933825,,13609,11834,3294,3138,84,165197,1830127,95698,69499,19294,19882,39176,19882,13673,53317,11580,1254472,20286,8936,66476,5213622,384624,467563,11963954,6732063,7019000,125554,547874,0,0,0,0,148112,1365936,0,0,0,520595,16770,24981,5561,807989,107379,174330,143677,0,466593,195651,1493443,0,21917856,96186,0,0,6774,560772,6732006,2007286,10320,7985,sphinx-doc__sphinx-8459,environment setup,32179,5789899
requests-644,base,1,5783686,2947943,,13047,11286,3238,3079,85,165457,1829319,95779,69678,19381,19540,38921,19540,13990,53579,11041,1254219,20028,9071,66680,5214385,384426,476286,11910600,6730125,7088313,121082,546886,0,0,0,0,164064,1333324,0,0,0,522278,16407,24642,6841,799721,121535,174478,143145,0,529643,197403,1450040,0,22031096,87606,0,0,7062,573924,6730117,2007029,9902,8193,psf__requests-1142,environment setup,,
requests-644,no_dpref,1,5783686,2988234,,13967,12104,3217,3055,88,169852,1819463,95810,74042,37197,0,37197,0,28789,30979,0,1248727,20410,4437,70963,5191969,387014,235099,11814574,6730125,7094807,124176,566086,0,0,0,0,149094,1301712,0,0,0,517074,16497,24522,9485,779469,141058,174649,143135,0,528272,198176,1452901,0,22316460,85476,0,0,7104,556362,6730117,2007029,0,0,psf__requests-1142,environment setup,,
requests-644,perfect_l1i,1,5783686,2862250,,22933,20199,0,0,0,165473,1829425,95716,69757,18276,19813,38089,19813,13846,52552,12159,1254404,19804,9958,65954,5215634,379661,526694,12195284,6730125,7229115,120068,549660,0,0,0,0,158406,1427806,0,0,0,540434,20001,0,0,0,125814,174822,145305,0,569872,198051,1456196,0,21564158,0,0,0,0,0,6730117,2007029,10583,7355,psf__requests-1142,environment setup,,
requests-644,perfect_l1d,1,5783686,2252574,,1474,27,3339,3193,70,0,2007028,0,0,8456,0,8456,0,336,322,0,0,0,0,0,0,0,0,0,6730125,6153011,102282,236022,0,0,0,0,0,0,0,0,0,525101,16688,24209,3198,766662,58690,167116,140358,0,36258,192233,1371241,0,16606766,73632,0,0,7980,600522,6730117,2007029,0,0,psf__requests-1142,environment setup,,
requests-644,perfect_l2,1,5783686,2281180,,1911,69,2975,2935,0,158532,1843050,92956,65576,0,0,0,0,0,0,0,1263848,18869,0,74087,5252366,355516,0,1294144,6730125,6718756,112982,254208,0,0,0,0,0,34112,0,0,0,524178,16595,20539,0,265410,62703,171548,141882,0,60402,194738,1416288,0,16973126,0,0,0,1008,210138,6730117,2007029,0,0,psf__requests-1142,environment setup,,
requests-644,perfect_llc,1,5783686,2439903,,2212,488,2976,2933,2,165566,1830199,95822,69744,0,0,0,0,0,30954,0,1255165,20420,4592,70810,5216274,384465,239523,3789482,6730125,7073945,116520,384766,0,0,0,0,80,137402,0,0,0,522809,16422,20588,144,339792,73119,174306,143000,0,134813,197009,1447942,0,18187824,672,0,0,972,280620,6730117,2007029,0,0,psf__requests-1142,environment setup,,
requests-644,perfect_all,1,5783686,2143951,,1924,47,0,0,0,0,2007028,0,0,0,0,0,0,0,0,0,0,0,0,0,0,0,0,0,6730125,6276038,101144,237522,0,0,0,0,0,0,0,0,0,544226,20285,0,0,0,59203,167318,142654,0,36198,192897,1377866,0,15972838,0,0,0,0,0,6730117,2007029,0,0,psf__requests-1142,environment setup,,
requests-644,l1d_2x,1,5783686,2922858,,13198,11428,3245,3083,88,154507,1840482,86226,68281,19855,19462,39317,19462,14025,52137,11885,1263985,10763,9340,66123,5252813,205424,491101,12046836,6730125,6969006,118226,545032,0,0,0,0,172264,1379330,0,0,0,522326,16351,24542,7656,786116,108382,173661,143113,0,529989,196719,1444050,0,21839582,83424,0,0,7092,567054,6730117,2007029,10540,7341,psf__requests-1142,environment setup,,
requests-644,record,1,5783686,2947943,,13047,11286,3238,3079,85,165457,1829319,95779,69678,19381,19540,38921,19540,13990,53579,11041,1254219,20028,9071,66680,5214385,384426,476286,11910600,6730125,7088313,121082,546886,0,0,0,0,164064,1333324,0,0,0,522278,16407,24642,6841,799721,121535,174478,143145,0,529643,197403,1450040,0,22031096,87606,0,0,7062,573924,6730117,2007029,9902,8193,psf__requests-1142,environment setup,32180,5787931
xarray-1519,base,1,5781513,2961831,,13437,11549,3162,3001,90,165148,1828013,95735,69413,19601,20013,39614,20013,13846,53126,12188,1253152,20101,9399,66235,5211086,380775,493021,12612782,6727128,7056439,134350,559932,0,0,0,0,161102,1458446,0,0,0,513130,17433,24333,13898,788319,95273,173386,138860,0,515342,201966,1490560,0,22153220,92706,0,0,5268,550530,6727093,2004993,10409,7518,pydata__xarray-2905,environment setup,,
xarray-1519,no_dpref,1,5781513,3004676,,15090,13052,3139,2983,88,169783,1817780,95837,73946,37239,0,37239,0,28791,31099,0,1247452,20350,4490,70997,5187574,385763,239964,12435522,6727128,7069039,137774,567896,0,0,0,0,143036,1440068,0,0,0,508857,17527,24248,8867,817544,127517,173203,139049,0,503372,201944,1492779,0,22430908,106188,0,0,5202,552990,6727093,2004993,0,0,pydata__xarray-2905,environment setup,,
xarray-1519,perfect_l1i,1,5781513,2860356,,24761,21972,0,0,0,165293,1827803,95735,69558,18061,19889,37950,19889,13662,52868,11689,1253087,20301,9609,65825,5216445,386755,511222,12469275,6727128,7200164,132206,562616,0,0,0,0,172574,1429038,0,0,0,532072,20776,0,0,0,105673,173489,141083,0,517509,201962,1498613,0,21558726,0,0,0,0,0,6727093,2004993,10280,7866,pydata__xarray-2905,environment setup,,
xarray-1519,perfect_l1d,1,5781513,2257739,,1491,27,3325,3176,74,0,2004991,0,0,8544,0,8544,0,346,326,0,0,0,0,0,0,0,0,0,6727128,6124640,114210,253086,0,0,0,0,0,0,0,0,0,517389,17667,24203,8651,766578,57177,166277,136612,0,43992,195607,1410152,0,16645922,84252,0,0,6426,586632,6727092,2004992,0,0,pydata__xarray-2905,environment setup,,
xarray-1519,perfect_l2,1,5781513,2288280,,1944,73,2932,2896,0,158486,1841150,92991,65495,0,0,0,0,0,0,0,1262371,18690,0,74301,5248637,351556,0,1296471,6727128,6693552,126814,272042,0,0,0,0,0,35154,0,0,0,516090,17493,20422,0,267366,61847,170506,137931,0,68270,199186,1459392,0,17028486,0,0,0,1200,207978,6727093,2004993,0,0,pydata__xarray-2905,environment setup,,
xarray-1519,perfect_llc,1,5781513,2449361,,2137,387,2899,2857,4,165504,1828439,95847,69657,0,0,0,0,0,31090,0,1253822,20293,4687,70867,5212700,381308,247046,3789044,6727128,7049219,132048,392790,0,0,0,0,80,150980,0,0,0,513711,17445,20339,234,341442,71983,173118,138723,0,150967,201910,1488620,0,18261994,1110,0,0,1200,277500,6727093,2004993,0,0,pydata__xarray-2905,environment setup,,
xarray-1519,perfect_all,1,5781513,2148947,,1941,47,0,0,0,0,2004991,0,0,0,0,0,0,0,0,0,0,0,0,0,0,0,0,0,6727128,6251945,112990,254884,0,0,0,0,0,0,0,0,0,537094,21201,0,0,0,57521,166893,138826,0,43989,196131,1417212,0,16011696,0,0,0,0,0,6727092,2004992,0,0,pydata__xarray-2905,environment setup,,
xarray-1519,l1d_2x,1,5781513,2940527,,12888,11012,3173,3008,90,154087,1839141,86097,67990,20158,19603,39761,19603,14194,51772,12400,1262857,10838,9137,66122,5250730,206634,481165,12738507,6727128,6937544,130622,555410,0,0,0,0,165846,1480072,0,0,0,513494,17490,24379,14254,803187,94625,172558,138927,0,523156,201364,1482425,0,21985030,94998,0,0,6036,536250,6727093,2004993,10428,6976,pydata__xarray-2905,environment setup,,
xarray-1519,record,1,5781513,2961831,,13437,11549,3162,3001,90,165148,1828013,95735,69413,19601,20013,39614,20013,13846,53126,12188,1253152,20101,9399,66235,5211086,380775,493021,12612782,6727128,7056439,134350,559932,0,0,0,0,161102,1458446,0,0,0,513130,17433,24333,13898,788319,95273,173386,138860,0,515342,201966,1490560,0,22153220,92706,0,0,5268,550530,6727093,2004993,10409,7518,pydata__xarray-2905,environment setup,32184,5785842
sympy-548,base,1,5766804,2940154,,11706,9888,3378,3202,102,165274,1825509,95722,69552,19096,19854,38950,19854,13673,54020,11150,1250847,20085,8977,66660,5201686,379947,475361,12054498,6712338,6984087,121698,536778,0,0,0,0,154160,1383540,0,0,0,512794,17013,25792,9019,826824,100555,175708,140356,0,494456,209494,1492515,0,21929762,108702,0,0,7002,562866,6712187,2002833,9977,8396,sympy__sympy-11618,environment setup,,
sympy-548,no_dpref,1,5766804,3006949,,18222,16294,3360,3191,100,169528,1815796,95748,73780,37303,0,37303,0,28786,31110,0,1245362,20233,4527,70988,5181392,383944,242207,12224662,6712338,6998590,126654,543648,0,0,0,0,149888,1424764,0,0,0,508464,17128,25641,13550,841892,143536,176012,140233,0,520627,210285,1495059,0,22394816,123420,0,0,6828,557292,6712187,2002833,0,0,sympy__sympy-11618,environment setup,,
sympy-548,perfect_l1i,1,5766804,2845489,,24091,21417,0,0,0,165251,1825536,95691,69560,17715,19979,37694,19979,13335,53040,11871,1250882,20022,10179,65490,5207027,385197,540679,12089849,6712338,7138498,121088,539122,0,0,0,0,165074,1393280,0,0,0,533988,20689,0,0,0,115631,176002,142802,0,494751,210173,1501695,0,21395384,0,0,0,0,0,6712187,2002833,10585,7800,sympy__sympy-11618,environment setup,,
sympy-548,perfect_l1d,1,5766804,2253814,,1474,27,3478,3326,78,0,2002834,0,0,8566,0,8566,0,339,322,0,0,0,0,0,0,0,0,0,6712338,6049911,103376,235294,0,0,0,0,0,0,0,0,0,517413,17378,25479,11876,807894,55903,168521,137431,0,40133,203453,1406597,0,16580868,85152,0,0,7872,625512,6712191,2002836,0,0,sympy__sympy-11618,environment setup,,
sympy-548,perfect_l2,1,5766804,2280084,,1911,69,3108,3072,0,158398,1839125,92937,65461,0,0,0,0,0,0,0,1260372,18486,0,74451,5240402,348061,0,1299253,6712338,6610538,115272,251864,0,0,0,0,0,37078,0,0,0,515076,17129,21798,0,284742,60295,173313,139104,0,62387,206924,1460080,0,16939180,0,0,0,828,223842,6712187,2002833,0,0,sympy__sympy-11618,environment setup,,
sympy-548,perfect_llc,1,5766804,2441087,,2306,558,3111,3068,3,165489,1826151,95796,69693,0,0,0,0,0,31100,0,1251630,20247,4690,70859,5203889,380422,246777,3789489,6712338,6974186,120712,373302,0,0,0,0,88,154338,0,0,0,513455,16997,21773,126,358740,70918,175591,140059,0,144393,209165,1490684,0,18170198,1008,0,0,948,294042,6712187,2002833,0,0,sympy__sympy-11618,environment setup,,
sympy-548,perfect_all,1,5766804,2137499,,1924,47,0,0,0,0,2002834,0,0,0,0,0,0,0,0,0,0,0,0,0,0,0,0,0,6712338,6175421,102272,237202,0,0,0,0,0,0,0,0,0,538324,21071,0,0,0,56112,168805,140116,0,40010,204567,1413648,0,15901192,0,0,0,0,0,6712191,2002836,0,0,sympy__sympy-11618,environment setup,,
sympy-548,l1d_2x,1,5766804,2910168,,12302,10501,3393,3225,94,154504,1836329,86400,68104,19761,19559,39320,19559,13790,52071,12040,1260219,11168,9011,66221,5240015,212824,472579,12201914,6712338,6870368,118482,533158,0,0,0,0,157536,1401080,0,0,0,513048,16997,25824,7906,836136,107680,175094,139974,0,507292,209501,1482475,0,21702578,105624,0,0,4830,580098,6712187,2002833,10447,7276,sympy__sympy-11618,environment setup,,
sympy-548,record,1,5766804,2940154,,11706,9888,3378,3202,102,165274,1825509,95722,69552,19096,19854,38950,19854,13673,54020,11150,1250847,20085,8977,66660,5201686,379947,475361,12054498,6712338,6984087,121698,536778,0,0,0,0,154160,1383540,0,0,0,512794,17013,25792,9019,826824,100555,175708,140356,0,494456,209494,1492515,0,21929762,108702,0,0,7002,562866,6712187,2002833,9977,8396,sympy__sympy-11618,environment setup,32183,5771179
django-44,no_dpref,1,1383011,1065980,,12701,11058,1407,1273,100,40136,427301,27161,12975,17429,0,17429,0,8054,8051,0,300904,4252,13,22896,1248887,80915,764,3523146,1608014,2131318,77586,226006,0,0,0,0,23288,312074,0,0,0,139781,5632,12401,6250,735432,147744,38934,26615,0,263431,39212,671492,0,7940128,116916,0,0,5934,506868,1608009,469069,0,0,django__django-13809,tool execution: shell,,
django-44,perfect_l1i,1,1383011,930690,,20849,18496,0,0,0,38927,429352,27182,11745,11209,4819,16028,4819,4386,13958,2883,301725,4161,2036,20985,1254489,81209,114519,3211363,1608014,2202758,75776,232514,0,0,0,0,31944,285886,0,0,0,143412,6077,0,0,0,142789,39411,27619,0,216598,39317,670942,0,7077266,0,0,0,0,0,1608009,469069,2336,1875,django__django-13809,tool execution: shell,,
django-44,perfect_l1d,1,1383011,732699,,1491,27,1442,1308,95,0,469069,0,0,9296,0,9296,0,420,402,0,0,0,0,0,0,0,0,0,1608014,1782842,74332,159944,0,0,0,0,0,0,0,0,0,139020,5834,11481,10641,719304,96727,36621,26101,0,23001,36749,618073,0,5340404,129084,0,0,5976,534552,1608009,469069,0,0,django__django-13809,tool execution: shell,,
django-44,perfect_l2,1,1383011,674396,,1930,69,1079,1077,0,36960,431986,26405,10555,0,0,0,0,0,0,0,303169,4264,0,22141,1260875,80635,0,386606,1608014,2002827,75268,158356,0,0,0,0,0,7744,0,0,0,139410,5704,7091,0,102426,101887,38443,26618,0,31416,38675,648488,0,5062488,0,0,0,12,91116,1608009,469069,0,0,django__django-13809,tool execution: shell,,
django-44,perfect_llc,1,1383011,754112,,2202,462,1086,1082,1,38785,429661,27048,11737,0,0,0,0,0,8023,0,302026,4248,22,22778,1254706,80399,1240,1229767,1608014,2136111,75992,190258,0,0,0,0,128,42420,0,0,0,139605,5671,7221,75,186444,106836,39075,26779,0,71689,39315,665844,0,5662134,336,0,0,18,172338,1608009,469069,0,0,django__django-13809,tool execution: shell,,
django-44,perfect_all,1,1383011,620389,,1944,49,0,0,0,0,469069,0,0,0,0,0,0,0,0,0,0,0,0,0,0,0,0,0,1608014,1843999,72366,162144,0,0,0,0,0,0,0,0,0,142704,6199,0,0,0,98263,37192,26988,0,22840,37064,619647,0,4672334,0,0,0,0,0,1608009,469069,0,0,django__django-13809,tool execution: shell,,
django-44,l1d_2x,1,1383011,1016297,,10712,9148,1417,1283,99,36970,431439,25666,11304,13320,4733,18053,4733,4729,14245,3003,303371,2691,1934,21041,1260075,52248,106403,3352825,1608014,2095256,77212,224560,0,0,0,0,14910,294626,0,0,0,139789,5657,12334,6510,732936,123613,38699,26533,0,213369,39083,663196,0,7559104,115746,0,0,5916,506490,1608009,469069,2388,1699,django__django-13809,tool execution: shell,,
django-44,record,1,1383011,1026399,,9921,8345,1412,1277,101,38663,429742,27146,11517,13200,4877,18077,4877,4728,14478,2943,301887,4153,2017,20976,1253388,79066,111475,3380249,1608014,2120958,77592,223606,0,0,0,0,10890,297752,0,0,0,139811,5646,12365,6539,740736,134168,38940,26554,0,214948,39237,669000,0,7630780,107472,0,0,5808,525228,1608009,469069,2377,1879,django__django-13809,tool execution: shell,10743,1383694
django-16,no_dpref,1,1275162,1015746,,9541,7995,1387,1248,98,39770,392220,27112,12658,17074,0,17074,0,7990,7995,0,276529,4203,16,22893,1149495,80708,919,3541772,1479501,2064662,57348,201006,0,0,0,0,14282,297040,0,0,0,133174,5328,11997,4889,770412,76873,37712,24305,0,231651,38214,619148,0,7568114,104076,0,0,5982,551706,1479496,433456,0,0,django__django-13809,tool execution: shell,,
django-16,perfect_l1i,1,1275162,886957,,21977,19660,0,0,0,38628,394053,27088,11540,11122,4695,15817,4695,4405,13965,2712,277244,4105,2081,20902,1157201,82637,114366,3439760,1479501,2139378,55130,198696,0,0,0,0,28018,325874,0,0,0,136884,5809,0,0,0,92657,38122,25113,0,215775,38585,617951,0,6751928,0,0,0,0,0,1479496,433456,2200,1915,django__django-13809,tool execution: shell,,
django-16,perfect_l1d,1,1275162,690991,,1375,24,1407,1260,104,0,433456,0,0,9078,0,9078,0,422,405,0,0,0,0,0,0,0,0,0,1479501,1721469,55248,133610,0,0,0,0,0,0,0,0,0,133291,5370,11050,4471,715752,53528,35565,23807,0,22885,35913,569920,0,5035322,110646,0,0,4566,552006,1479496,433456,0,0,django__django-13809,tool execution: shell,,
django-16,perfect_l2,1,1275162,632460,,1812,66,1034,1030,0,36821,396520,26370,10451,0,0,0,0,0,0,0,278622,4208,0,22162,1160500,80254,0,386516,1479501,1942237,55416,133344,0,0,0,0,0,7432,0,0,0,133310,5288,6754,0,97932,57570,36948,24247,0,29255,37596,596984,0,4754364,0,0,0,108,87114,1479496,433456,0,0,django__django-13809,tool execution: shell,,
django-16,perfect_llc,1,1275162,711074,,2067,439,1055,1049,1,38536,394355,26973,11563,0,0,0,0,0,7961,0,277569,4198,29,22746,1154929,80166,1597,1227154,1479501,2072941,55848,163620,0,0,0,0,88,43918,0,0,0,133043,5312,6888,75,182700,59815,37781,24398,0,68676,38243,614225,0,5345374,336,0,0,114,169176,1479496,433456,0,0,django__django-13809,tool execution: shell,,
django-16,perfect_all,1,1275162,580282,,1825,44,0,0,0,0,433456,0,0,0,0,0,0,0,0,0,0,0,0,0,0,0,0,0,1479501,1781920,53048,136650,0,0,0,0,0,0,0,0,0,136881,5819,0,0,0,54729,36054,24637,0,22627,36386,571143,0,4376724,0,0,0,0,0,1479496,433456,0,0,django__django-13809,tool execution: shell,,
django-16,l1d_2x,1,1275162,976175,,9709,8235,1380,1234,105,36762,396100,25674,11088,13055,4618,17673,4618,4739,14386,2814,278839,2715,2070,20889,1159853,53075,114457,3270071,1479501,2027148,56842,196878,0,0,0,0,11308,285894,0,0,0,133282,5283,11935,5099,769419,72700,37398,24266,0,197794,37943,611770,0,7255124,104160,0,0,5436,554958,1479496,433456,2277,1770,django__django-13809,tool execution: shell,,
django-16,record,1,1275162,983186,,9144,7663,1388,1247,101,38357,394509,27061,11296,12957,4795,17752,4795,4706,14417,2842,277456,4081,2177,20803,1153538,78569,119677,3290154,1479501,2054301,56988,196878,0,0,0,0,10378,300320,0,0,0,133170,5311,11973,5191,752980,73187,37628,24234,0,201547,38080,616757,0,7312440,121164,0,0,5028,515412,1479496,433456,2328,1887,django__django-13809,tool execution: shell,10582,1275845
sphinx-19,no_dpref,1,1262497,992933,,13275,11662,1311,1166,103,39870,387417,26939,12931,17111,0,17111,0,7989,7999,0,273196,4177,45,22717,1135293,79712,2600,3415842,1465303,1972856,64394,211492,0,0,0,0,26596,295030,0,0,0,124590,5095,11654,6068,743640,90662,38027,23330,0,252847,38900,587502,0,7397538,106050,0,0,7548,520914,1465300,428965,0,0,sphinx-doc__sphinx-8459,tool execution: shell,,
sphinx-19,perfect_l1i,1,1262497,870173,,25708,23352,0,0,0,38482,389684,26920,11562,11197,4675,15872,4675,4421,14070,2731,274094,4091,1877,20952,1140365,88620,103700,3172661,1465303,2042068,62422,206950,0,0,0,0,14174,297270,0,0,0,127592,5466,0,0,0,108368,38513,24054,0,218271,39176,586170,0,6610424,0,0,0,0,0,1465300,428965,2187,1873,sphinx-doc__sphinx-8459,tool execution: shell,,
sphinx-19,perfect_l1d,1,1262497,677089,,1375,24,1317,1176,95,0,428965,0,0,9086,0,9086,0,417,400,0,0,0,0,0,0,0,0,0,1465303,1644325,62006,142700,0,0,0,0,0,0,0,0,0,124377,5119,10539,4949,721518,67268,35992,22735,0,22186,36580,540312,0,4924028,103872,0,0,14424,555180,1465300,428965,0,0,sphinx-doc__sphinx-8459,tool execution: shell,,
sphinx-19,perfect_l2,1,1262497,616138,,1815,66,973,966,0,36561,392300,26131,10430,0,0,0,0,0,0,0,275578,4185,0,21946,1147508,79413,0,383998,1465303,1858592,62130,142494,0,0,0,0,0,7190,0,0,0,124615,5096,6439,0,93984,70983,37324,23160,0,29326,38119,566734,0,4627300,0,0,0,54,82638,1465300,428965,0,0,sphinx-doc__sphinx-8459,tool execution: shell,,
sphinx-19,perfect_llc,1,1262497,693671,,2598,916,986,976,2,38391,389944,26789,11602,0,0,0,0,0,7964,0,274394,4167,60,22562,1141273,79080,3465,1216639,1465303,1981520,63116,174170,0,0,0,0,160,42094,0,0,0,124590,5087,6625,159,179418,73590,38205,23412,0,69829,38854,582107,0,5209528,438,0,0,60,164256,1465300,428965,0,0,sphinx-doc__sphinx-8459,tool execution: shell,,
sphinx-19,perfect_all,1,1262497,564969,,1825,44,0,0,0,0,428965,0,0,0,0,0,0,0,0,0,0,0,0,0,0,0,0,0,1465303,1702966,60014,145268,0,0,0,0,0,0,0,0,0,127361,5427,0,0,0,68490,36515,23502,0,22133,37051,541413,0,4256500,0,0,0,0,0,1465300,428965,0,0,sphinx-doc__sphinx-8459,tool execution: shell,,
sphinx-19,l1d_2x,1,1262497,958746,,12088,10526,1314,1173,99,36660,391672,25475,11185,13193,4536,17729,4536,4778,14528,2743,275705,2717,1750,21008,1146554,51644,96796,3294460,1465303,1935797,63824,206964,0,0,0,0,26752,294882,0,0,0,124630,5058,11549,13159,740905,89535,37902,23138,0,212285,38922,579011,0,7124584,123462,0,0,7230,513600,1465300,428965,2183,1767,sphinx-doc__sphinx-8459,tool execution: shell,,
sphinx-19,record,1,1262497,962207,,11638,10082,1315,1173,99,38291,389995,26905,11386,13006,4784,17790,4784,4687,14381,2886,274229,4080,1858,20967,1139577,78241,102904,3304813,1465303,1960752,64190,208754,0,0,0,0,19980,296508,0,0,0,124561,5114,11569,6090,751699,90729,37994,23241,0,197770,38796,584301,0,7149970,121254,0,0,7548,526068,1465300,428965,2341,1833,sphinx-doc__sphinx-8459,tool execution: shell,10563,1263177
xarray-15,no_dpref,1,1256989,1000940,,12014,10329,1349,1194,107,39773,385692,26929,12844,17197,0,17197,0,7994,7987,0,271986,4191,11,22727,1130579,79915,629,3480134,1458735,1964033,63800,211648,0,0,0,0,14776,309010,0,0,0,124783,5363,11868,5864,745719,115075,35774,23352,0,271423,36787,598104,0,7447970,115854,0,0,6348,517926,1458732,427163,0,0,pydata__xarray-2905,tool execution: shell,,
xarray-15,perfect_l1i,1,1256989,867675,,19880,17459,0,0,0,38487,387849,26885,11602,11043,4759,15802,4759,4292,13860,2912,272901,4091,1939,20855,1135054,81772,106834,3194977,1458735,2039676,61858,210400,0,0,0,0,10930,288608,0,0,0,128080,5761,0,0,0,113192,36351,24038,0,202870,37090,597381,0,6600936,0,0,0,0,0,1458732,427163,2369,1784,pydata__xarray-2905,tool execution: shell,,
xarray-15,perfect_l1d,1,1256989,678001,,1491,27,1377,1218,107,0,427163,0,0,9162,0,9162,0,428,408,0,0,0,0,0,0,0,0,0,1458735,1641720,60748,146250,0,0,0,0,0,0,0,0,0,124975,5368,10859,6216,732006,63621,33658,22914,0,25247,34843,548180,0,4931804,136662,0,0,5790,542226,1458732,427163,0,0,pydata__xarray-2905,tool execution: shell,,
xarray-15,perfect_l2,1,1256989,615353,,1927,69,991,982,0,36577,390482,26137,10440,0,0,0,0,0,0,0,274372,4201,0,21936,1142301,79484,0,383875,1458735,1848539,60900,145316,0,0,0,0,0,6890,0,0,0,125232,5367,6536,0,95496,68769,35110,23188,0,32940,36257,576459,0,4625220,0,0,0,150,84168,1458732,427163,0,0,pydata__xarray-2905,tool execution: shell,,
xarray-15,perfect_llc,1,1256989,692855,,2237,472,1001,992,0,38408,388115,26786,11622,0,0,0,0,0,7951,0,273187,4191,16,22579,1136204,79312,922,1218082,1458735,1971899,62126,176624,0,0,0,0,192,40782,0,0,0,124846,5356,6668,0,181122,74815,35992,23358,0,74635,36845,593089,0,5204826,0,0,0,150,167448,1458732,427163,0,0,pydata__xarray-2905,tool execution: shell,,
xarray-15,perfect_all,1,1256989,564060,,1940,47,0,0,0,0,427163,0,0,0,0,0,0,0,0,0,0,0,0,0,0,0,0,0,1458735,1701184,58730,148916,0,0,0,0,0,0,0,0,0,128193,5772,0,0,0,65016,34285,23552,0,24182,35273,549647,0,4254028,0,0,0,0,0,1458732,427163,0,0,pydata__xarray-2905,tool execution: shell,,
xarray-15,l1d_2x,1,1256989,966068,,10892,9285,1356,1196,111,36620,389877,25444,11176,13221,4620,17841,4620,4746,14448,2866,274503,2664,1716,21064,1141793,50445,95082,3368059,1458735,1929161,63098,208946,0,0,0,0,11170,303072,0,0,0,124821,5291,11719,13702,766401,98739,35510,23202,0,223436,36563,590326,0,7172960,137130,0,0,7920,519204,1458732,427163,2287,1729,pydata__xarray-2905,tool execution: shell,,
xarray-15,record,1,1256989,966073,,10821,9205,1350,1191,109,38261,388219,26869,11392,13018,4866,17884,4866,4638,14511,3004,273061,4083,1979,20807,1135149,77751,108823,3359362,1458735,1953057,63244,210266,0,0,0,0,9594,306052,0,0,0,124752,5364,11683,6155,751569,100754,35699,23321,0,217108,36652,595685,0,7179416,125862,0,0,6510,517098,1458732,427163,2446,1799,pydata__xarray-2905,tool execution: shell,10565,1257669
sympy-67,no_dpref,1,1253347,987106,,11848,10223,1322,1164,114,39728,384583,26987,12741,16989,0,16989,0,7972,7968,0,271183,4230,17,22740,1126522,80490,992,3567087,1454312,1938694,62238,202522,0,0,0,0,15340,317216,0,0,0,123685,5577,11615,11343,733470,92372,37346,22870,0,255259,38744,590574,0,7352920,150312,0,0,3372,478422,1454309,425890,0,0,sympy__sympy-11618,tool execution: shell,,
sympy-67,perfect_l1i,1,1253347,857261,,20271,17836,0,0,0,38546,386552,26949,11597,11025,4703,15728,4703,4346,14008,2745,272008,4108,2050,20791,1132978,81135,115567,3337756,1454312,2011020,60256,199894,0,0,0,0,14344,311812,0,0,0,127129,5937,0,0,0,102228,37646,23607,0,206214,38647,587830,0,6527374,0,0,0,0,0,1454309,425890,2236,1889,sympy__sympy-11618,tool execution: shell,,
sympy-67,perfect_l1d,1,1253347,670495,,1491,27,1365,1211,104,0,425890,0,0,9076,0,9076,0,416,396,0,0,0,0,0,0,0,0,0,1454312,1621109,59422,134352,0,0,0,0,0,0,0,0,0,123288,5681,10857,4574,716028,64648,35371,22400,0,20997,36491,540625,0,4877834,119226,0,0,3708,544170,1454309,425890,0,0,sympy__sympy-11618,tool execution: shell,,
sympy-67,perfect_l2,1,1253347,610489,,1928,69,983,975,0,36613,389189,26225,10388,0,0,0,0,0,0,0,273436,4241,0,21984,1137591,79898,0,383467,1454312,1827056,60316,134970,0,0,0,0,0,7636,0,0,0,123660,5534,6417,0,93486,69159,36892,22816,0,29321,37785,568328,0,4585828,0,0,0,114,83070,1454309,425890,0,0,sympy__sympy-11618,tool execution: shell,,
sympy-67,perfect_llc,1,1253347,687492,,2410,622,996,986,1,38417,386883,26842,11575,0,0,0,0,0,7926,0,272317,4239,16,22587,1131891,79912,934,1217742,1454312,1950251,60938,164942,0,0,0,0,160,46280,0,0,0,123832,5561,6582,75,177882,72756,37470,22866,0,68779,38418,584867,0,5164312,336,0,0,342,164034,1454309,425890,0,0,sympy__sympy-11618,tool execution: shell,,
sympy-67,perfect_all,1,1253347,559639,,1941,47,0,0,0,0,425890,0,0,0,0,0,0,0,0,0,0,0,0,0,0,0,0,0,1454312,1681776,57306,136752,0,0,0,0,0,0,0,0,0,126660,6046,0,0,0,66179,35981,23043,0,20984,37018,541682,0,4218112,0,0,0,0,0,1454309,425890,0,0,sympy__sympy-11618,tool execution: shell,,
sympy-67,l1d_2x,1,1253347,949885,,10729,9104,1327,1178,108,36724,388527,25566,11158,12982,4734,17716,4734,4703,14429,2946,273544,2716,2131,20719,1137008,53009,116181,3221435,1454312,1905184,61974,198494,0,0,0,0,12150,307034,0,0,0,123798,5618,11639,16242,749684,85630,36975,22712,0,203747,38263,582033,0,7056744,120828,0,0,3420,535302,1454309,425890,2275,1759,sympy__sympy-11618,tool execution: shell,,
sympy-67,record,1,1253347,953903,,11857,10237,1321,1174,102,38258,387009,26942,11316,12805,4820,17625,4820,4612,14492,2934,272184,4100,2155,20687,1130875,77997,118504,3293424,1454312,1931126,62204,200560,0,0,0,0,20090,294448,0,0,0,123740,5586,11467,4622,743327,93667,37178,22730,0,202130,38265,587519,0,7087560,128892,0,0,3624,519552,1454309,425890,2428,1822,sympy__sympy-11618,tool execution: shell,10508,1254027
requests-33,no_dpref,1,1242790,986588,,9881,8227,1326,1177,108,39733,381088,26923,12810,17103,0,17103,0,7975,7975,0,268828,4176,26,22721,1117992,79572,1372,3414999,1441801,1953885,59038,196588,0,0,0,0,15252,290708,0,0,0,124689,5213,11478,13756,736782,88400,37175,22722,0,252825,38459,591621,0,7348274,117132,0,0,3228,516948,1441796,422447,0,0,psf__requests-1142,tool execution: shell,,
requests-33,perfect_l1i,1,1242790,857362,,19481,17099,0,0,0,38546,383102,26919,11627,11018,4635,15653,4635,4402,14157,2626,269659,4098,1816,21005,1122284,81613,103480,3131523,1441801,2025675,57648,194630,0,0,0,0,12448,279546,0,0,0,127635,5597,0,0,0,103406,37756,23483,0,213116,38732,589994,0,6522548,0,0,0,0,0,1441796,422447,2128,1941,psf__requests-1142,tool execution: shell,,
requests-33,perfect_l1d,1,1242790,664657,,1491,27,1341,1199,97,0,422447,0,0,9077,0,9077,0,419,398,0,0,0,0,0,0,0,0,0,1441801,1634481,56686,132112,0,0,0,0,0,0,0,0,0,124561,5289,10685,10835,681840,58729,35081,22279,0,20813,36030,541517,0,4842378,116994,0,0,3570,513108,1441796,422447,0,0,psf__requests-1142,tool execution: shell,,
requests-33,perfect_l2,1,1242790,608719,,1939,77,984,978,0,36550,385791,26166,10384,0,0,0,0,0,0,0,271105,4180,0,21986,1129256,79076,0,384012,1441801,1837840,56942,131750,0,0,0,0,0,7206,0,0,0,124738,5249,6501,0,94140,63687,36603,22655,0,29730,37654,569896,0,4573862,0,0,0,72,83136,1441796,422447,0,0,psf__requests-1142,tool execution: shell,,
requests-33,perfect_llc,1,1242790,685889,,2208,439,1002,995,1,38414,383405,26798,11616,0,0,0,0,0,7939,0,269951,4178,31,22589,1123489,79090,1672,1218662,1441801,1960061,58212,161148,0,0,0,0,216,44132,0,0,0,124639,5214,6662,75,177978,68679,37410,22822,0,71949,38488,586113,0,5152466,336,0,0,66,164334,1441796,422447,0,0,psf__requests-1142,tool execution: shell,,
requests-33,perfect_all,1,1242790,558244,,1944,49,0,0,0,0,422447,0,0,0,0,0,0,0,0,0,0,0,0,0,0,0,0,0,1441801,1693555,54764,134436,0,0,0,0,0,0,0,0,0,127485,5650,0,0,0,60160,35700,22943,0,20778,36532,542720,0,4209182,0,0,0,0,0,1441796,422447,0,0,psf__requests-1142,tool execution: shell,,
requests-33,l1d_2x,1,1242790,949863,,10633,9037,1323,1174,106,36707,385073,25502,11205,13202,4554,17756,4554,4719,14286,2838,271208,2692,1895,20915,1128648,50839,103695,3157849,1441801,1920990,59104,194376,0,0,0,0,10780,279200,0,0,0,124796,5229,11322,6303,773274,84941,36981,22656,0,203443,38228,583613,0,7049072,128508,0,0,3534,554556,1441796,422447,2264,1682,psf__requests-1142,tool execution: shell,,
requests-33,record,1,1242790,952943,,9585,7989,1322,1175,106,38327,383436,26896,11431,13086,4705,17791,4705,4738,14378,2755,269797,4086,1869,20941,1122139,77964,103266,3220907,1441801,1945383,58982,193944,0,0,0,0,23092,289722,0,0,0,124670,5213,11401,5804,743256,89755,37154,22694,0,201418,38425,588394,0,7080010,127602,0,0,3210,517242,1441796,422447,2228,1888,psf__requests-1142,tool execution: shell,10527,1243473
requests-7,no_dpref,1,1225239,978145,,12033,10377,1329,1190,100,39714,375237,26965,12749,17085,0,17085,0,7952,7958,0,264814,4187,58,22720,1100579,79298,3338,3402889,1420992,1928738,57806,201568,0,0,0,0,23326,288766,0,0,0,122445,5281,11465,12837,744925,98881,34346,22031,0,254246,35041,585176,0,7280864,112104,0,0,3108,535782,1420975,416598,0,0,psf__requests-1142,tool execution: shell,,
requests-7,perfect_l1i,1,1225239,844424,,22728,20395,0,0,0,38473,377329,26927,11546,10980,4678,15658,4678,4336,13972,2734,265703,4127,1967,20833,1107832,85409,110346,3167705,1420992,1995060,56306,197124,0,0,0,0,12346,298712,0,0,0,125591,5677,0,0,0,94010,34805,22782,0,219694,35372,582246,0,6430136,0,0,0,0,0,1420975,416598,2234,1874,psf__requests-1142,tool execution: shell,,
requests-7,perfect_l1d,1,1225239,661801,,1491,27,1365,1211,111,0,416597,0,0,9117,0,9117,0,419,399,0,0,0,0,0,0,0,0,0,1420992,1607968,54736,136184,0,0,0,0,0,0,0,0,0,121890,5416,10817,4768,720822,53530,32040,21593,0,22750,32751,535281,0,4816960,119256,0,0,3348,551628,1420975,416598,0,0,psf__requests-1142,tool execution: shell,,
requests-7,perfect_l2,1,1225239,600357,,1931,69,982,976,0,36582,379907,26198,10384,0,0,0,0,0,0,0,267119,4192,0,22006,1112229,78882,0,384155,1420992,1813432,55664,134962,0,0,0,0,0,7202,0,0,0,122451,5309,6363,0,92313,58025,33799,22057,0,33299,34288,562850,0,4516040,0,0,0,78,83106,1420975,416598,0,0,psf__requests-1142,tool execution: shell,,
requests-7,perfect_llc,1,1225239,677255,,2296,521,999,992,1,38405,377564,26833,11572,0,0,0,0,0,7919,0,265964,4178,78,22577,1106195,78682,4479,1218457,1420992,1934611,56500,166100,0,0,0,0,216,41994,0,0,0,122573,5286,6512,75,175815,63020,34497,22103,0,75535,35039,579572,0,5093430,336,0,0,72,164148,1420975,416598,0,0,psf__requests-1142,tool execution: shell,,
requests-7,perfect_all,1,1225239,549761,,1944,49,0,0,0,0,416597,0,0,0,0,0,0,0,0,0,0,0,0,0,0,0,0,0,1420992,1665828,52776,138586,0,0,0,0,0,0,0,0,0,125028,5821,0,0,0,54949,32630,22271,0,22826,33122,536605,0,4149564,0,0,0,0,0,1420975,416598,0,0,psf__requests-1142,tool execution: shell,,
requests-7,l1d_2x,1,1225239,941375,,15487,13856,1324,1175,110,36646,379252,25476,11170,13118,4585,17703,4585,4684,14346,2847,267250,2681,1897,20898,1111501,50499,118883,3157187,1420992,1894885,57582,198976,0,0,0,0,8876,284530,0,0,0,122550,5281,11391,5664,750078,79964,34126,21983,0,217212,34908,576971,0,6993508,125442,0,0,3102,519558,1420975,416598,2323,1703,psf__requests-1142,tool execution: shell,,
requests-7,record,1,1225239,943953,,15079,13472,1327,1179,109,38260,377645,26924,11336,13017,4729,17746,4729,4703,14507,2767,265809,4096,1995,20833,1105108,78169,110037,3172925,1420992,1921863,57480,198160,0,0,0,0,20012,283466,0,0,0,122452,5281,11416,13859,722268,80954,34326,22050,0,219069,35000,582510,0,7016048,119406,0,0,3198,502752,1420975,416598,2266,1893,psf__requests-1142,tool execution: shell,10482,1225935
sympy-20,no_dpref,1,1225188,977444,,11046,9373,1306,1164,98,39681,375307,26930,12751,17056,0,17056,0,7946,7943,0,264886,4189,23,22718,1100462,79694,1336,3366373,1420936,1938671,57516,201128,0,0,0,0,25090,297214,0,0,0,121711,5291,11379,6117,759649,87688,36696,22377,0,237901,38060,581499,0,7274948,98478,0,0,12732,537834,1420931,416581,0,0,sympy__sympy-11618,tool execution: shell,,
sympy-20,perfect_l1i,1,1225188,846195,,21232,18858,0,0,0,38447,377365,26942,11505,11008,4628,15636,4628,4368,13719,2752,265698,4107,1848,20987,1107904,84837,103088,3194559,1420936,2010437,55316,200136,0,0,0,0,14050,273160,0,0,0,124970,5652,0,0,0,92207,37151,23210,0,211633,38301,579516,0,6440766,0,0,0,0,0,1420931,416581,2228,1810,sympy__sympy-11618,tool execution: shell,,
sympy-20,perfect_l1d,1,1225188,661891,,1491,27,1339,1196,97,0,416581,0,0,9075,0,9075,0,411,392,0,0,0,0,0,0,0,0,0,1420936,1619347,54042,134996,0,0,0,0,0,0,0,0,0,121285,5260,10544,12834,705486,53188,34860,21925,0,22625,35799,530426,0,4815410,115326,0,0,5070,538644,1420931,416581,0,0,sympy__sympy-11618,tool execution: shell,,
sympy-20,perfect_l2,1,1225188,601900,,1938,76,960,954,0,36495,379975,26125,10370,0,0,0,0,0,0,0,267173,4203,0,21922,1112003,79289,0,383944,1420936,1826562,54908,134992,0,0,0,0,0,6826,0,0,0,121752,5284,6277,0,91566,57369,36274,22360,0,32209,37323,558255,0,4524660,0,0,0,138,81396,1420931,416581,0,0,sympy__sympy-11618,tool execution: shell,,
sympy-20,perfect_llc,1,1225188,678916,,2280,508,981,973,1,38361,377608,26802,11559,0,0,0,0,0,7902,0,265995,4201,22,22579,1106252,79318,1278,1218189,1420936,1945938,56020,166368,0,0,0,0,120,40724,0,0,0,121856,5245,6487,75,175236,62025,36812,22476,0,71608,38053,575560,0,5103590,336,0,0,144,162666,1420931,416581,0,0,sympy__sympy-11618,tool execution: shell,,
sympy-20,perfect_all,1,1225188,550973,,1944,49,0,0,0,0,416581,0,0,0,0,0,0,0,0,0,0,0,0,0,0,0,0,0,1420936,1675950,52094,137350,0,0,0,0,0,0,0,0,0,124489,5676,0,0,0,54690,35476,22658,0,22605,36294,531738,0,4154870,0,0,0,0,0,1420931,416581,0,0,sympy__sympy-11618,tool execution: shell,,
sympy-20,l1d_2x,1,1225188,941695,,8656,7072,1322,1178,102,36593,379347,25494,11099,13057,4648,17705,4648,4689,14365,2846,267274,2695,1825,20974,1111289,51363,100046,3233160,1420936,1902640,57156,197678,0,0,0,0,11748,278576,0,0,0,121696,5259,11281,6430,753836,78918,36399,22330,0,210345,37691,573464,0,6996982,117990,0,0,5166,539916,1420931,416581,2290,1765,sympy__sympy-11618,tool execution: shell,,
sympy-20,record,1,1225188,942943,,8646,7061,1317,1180,95,38219,377702,26884,11335,12958,4739,17697,4739,4650,14397,2798,265865,4106,1935,20843,1104897,78244,107189,3155254,1420936,1926264,57300,197942,0,0,0,0,11452,265940,0,0,0,121712,5264,11299,6046,746398,76732,36527,22354,0,204902,37871,578499,0,7011492,116946,0,0,5166,531948,1420931,416581,2309,1877,sympy__sympy-11618,tool execution: shell,10482,1225871
xarray-43,no_dpref,1,1225147,978277,,11577,9956,1316,1159,109,39692,375283,26904,12788,17037,0,17037,0,7958,7948,0,264902,4170,15,22719,1101403,79515,864,3421782,1420892,1910388,57634,203370,0,0,0,0,25138,296686,0,0,0,120976,5380,11594,13149,759666,85219,37646,22316,0,265717,38393,579921,0,7278458,118650,0,0,3378,527550,1420889,416593,0,0,pydata__xarray-2905,tool execution: shell,,
xarray-43,perfect_l1i,1,1225147,846816,,22529,20142,0,0,0,38461,377328,26868,11593,11024,4711,15735,4711,4337,13904,2798,265752,4078,1902,20888,1107253,81402,107522,3168337,1420892,1984229,55726,203740,0,0,0,0,12230,293504,0,0,0,124146,5736,0,0,0,89372,37931,22999,0,217533,38359,578784,0,6444172,0,0,0,0,0,1420889,416593,2260,1849,pydata__xarray-2905,tool execution: shell,,
xarray-43,perfect_l1d,1,1225147,657572,,1474,27,1340,1186,102,0,416593,0,0,9059,0,9059,0,424,405,0,0,0,0,0,0,0,0,0,1420892,1593909,54684,138212,0,0,0,0,0,0,0,0,0,120656,5463,10637,5387,703962,52458,35290,21736,0,23361,35728,530496,0,4785208,110604,0,0,3624,543000,1420889,416593,0,0,pydata__xarray-2905,tool execution: shell,,
xarray-43,perfect_l2,1,1225147,598581,,1911,69,958,947,0,36557,379931,26150,10407,0,0,0,0,0,0,0,267169,4179,0,21971,1112643,79080,0,383344,1420892,1796371,55326,137744,0,0,0,0,0,7002,0,0,0,120935,5374,6307,0,92250,56966,36941,22200,0,32275,37467,558778,0,4499408,0,0,0,198,81912,1420889,416593,0,0,pydata__xarray-2905,tool execution: shell,,
xarray-43,perfect_llc,1,1225147,675357,,2253,501,975,963,1,38342,377607,26779,11563,0,0,0,0,0,7908,0,266001,4177,14,22588,1106752,79077,760,1219491,1420892,1918039,56418,168660,0,0,0,0,144,42018,0,0,0,120948,5330,6478,75,178020,59691,37531,22391,0,73402,38224,574187,0,5075402,336,0,0,198,164796,1420889,416593,0,0,pydata__xarray-2905,tool execution: shell,,
xarray-43,perfect_all,1,1225147,548145,,1924,47,0,0,0,0,416593,0,0,0,0,0,0,0,0,0,0,0,0,0,0,0,0,0,1420892,1651686,52446,140840,0,0,0,0,0,0,0,0,0,123777,5821,0,0,0,53927,35781,22410,0,23310,36053,531695,0,4133696,0,0,0,0,0,1420889,416593,0,0,pydata__xarray-2905,tool execution: shell,,
xarray-43,l1d_2x,1,1225147,937258,,10719,9125,1315,1160,111,36595,379337,25437,11158,13068,4579,17647,4579,4716,14328,2819,267326,2674,1841,20922,1112285,50497,101267,3212326,1420892,1877152,57148,200822,0,0,0,0,11704,283670,0,0,0,121033,5378,11597,4934,778330,76633,37316,22350,0,214177,37964,572711,0,6953768,123942,0,0,10446,529116,1420889,416593,2264,1726,pydata__xarray-2905,tool execution: shell,,
xarray-43,record,1,1225147,944823,,12234,10632,1317,1158,109,38228,377693,26870,11358,12967,4704,17671,4704,4732,14321,2751,265882,4071,1961,20838,1105612,77731,107298,3297432,1420892,1903501,57502,200618,0,0,0,0,21592,288424,0,0,0,121022,5375,11581,5315,755068,75505,37381,22347,0,221129,38050,577926,0,7017204,132918,0,0,3660,514458,1420889,416593,2232,1887,pydata__xarray-2905,tool execution: shell,10484,1225827
sphinx-54,no_dpref,1,1225034,973219,,9902,8280,1338,1189,99,39681,375142,26886,12795,16981,0,16981,0,7956,7959,0,264772,4155,45,22686,1100807,79225,2602,3383359,1420810,1932620,57572,200558,0,0,0,0,14116,285498,0,0,0,120794,5125,11453,7780,759853,88130,36498,22317,0,248497,37843,576534,0,7241266,92430,0,0,15654,558234,1420798,416527,0,0,sphinx-doc__sphinx-8459,tool execution: shell,,
sphinx-54,perfect_l1i,1,1225034,846111,,19406,17033,0,0,0,38406,377324,26872,11534,10978,4736,15714,4736,4309,13797,2840,265693,4084,1793,20995,1106245,82550,100904,3258451,1420810,2003783,55474,201130,0,0,0,0,17708,297328,0,0,0,124378,5392,0,0,0,103204,36988,22966,0,198982,38019,574511,0,6442474,0,0,0,0,0,1420798,416527,2305,1826,sphinx-doc__sphinx-8459,tool execution: shell,,
sphinx-54,perfect_l1d,1,1225034,660939,,1491,27,1360,1201,101,0,416527,0,0,9021,0,9021,0,421,400,0,0,0,0,0,0,0,0,0,1420810,1621422,54540,133084,0,0,0,0,0,0,0,0,0,120558,5107,10661,4474,711240,51716,34741,21790,0,22904,35525,527594,0,4811910,121398,0,0,7836,535782,1420798,416527,0,0,sphinx-doc__sphinx-8459,tool execution: shell,,
sphinx-54,perfect_l2,1,1225034,601574,,1928,70,966,959,0,36482,379935,26070,10412,0,0,0,0,0,0,0,267182,4161,0,21909,1113244,78851,0,383768,1420810,1821937,54744,132178,0,0,0,0,0,7246,0,0,0,120981,5081,6342,0,92304,57626,36457,22186,0,32661,37169,555417,0,4524102,0,0,0,108,82086,1420798,416527,0,0,sphinx-doc__sphinx-8459,tool execution: shell,,
sphinx-54,perfect_llc,1,1225034,679023,,2230,485,978,970,1,38329,377557,26748,11581,0,0,0,0,0,7925,0,265973,4150,59,22539,1106999,78727,3402,1216471,1420810,1944690,55976,165288,0,0,0,0,128,39418,0,0,0,121079,5095,6471,75,178286,62427,36726,22389,0,75577,37836,572049,0,5104766,336,0,0,108,165006,1420798,416527,0,0,sphinx-doc__sphinx-8459,tool execution: shell,,
sphinx-54,perfect_all,1,1225034,550520,,1941,48,0,0,0,0,416527,0,0,0,0,0,0,0,0,0,0,0,0,0,0,0,0,0,1420810,1678834,52428,135636,0,0,0,0,0,0,0,0,0,123889,5452,0,0,0,53041,35441,22486,0,22809,36130,528450,0,4154532,0,0,0,0,0,1420798,416527,0,0,sphinx-doc__sphinx-8459,tool execution: shell,,
sphinx-54,l1d_2x,1,1225034,942566,,14513,12926,1333,1183,101,36665,379162,25440,11225,12996,4600,17596,4600,4679,14200,2875,267222,2718,1842,20880,1111858,56059,102315,3364806,1420810,1898423,57084,196716,0,0,0,0,26844,298922,0,0,0,120912,5064,11422,8066,736791,78525,36119,22186,0,206627,37574,568886,0,7003972,103254,0,0,6648,522336,1420798,416527,2320,1692,sphinx-doc__sphinx-8459,tool execution: shell,,
sphinx-54,record,1,1225034,945739,,10673,9099,1336,1183,103,38261,377528,26847,11414,12865,4731,17596,4731,4731,14384,2724,265777,4072,1952,20823,1105198,78790,107211,3358922,1420810,1922787,57208,195354,0,0,0,0,20852,301856,0,0,0,120927,5077,11415,7842,740517,79432,36323,22263,0,210678,37640,574181,0,7033506,119676,0,0,7986,514002,1420798,416527,2207,1940,sphinx-doc__sphinx-8459,tool execution: shell,10483,1225730
